{
  "resourceType": "Bundle",
  "id": "uscore-mo3",
  "type": "searchset",
  "total": 1,
  "link": [
    {
      "relation": "self",
      "url": "http://fhir3.healthintersections.com.au/open/MedicationRequest?search-id=4085956e-63b8-402d-b181-325040fdb9&&_id=uscore%2Dmo3&_include=MedicationRequest%3Amedication&_sort=_id"
    }
  ],
  "entry": [
    {
      "fullUrl": "http://fhir3.healthintersections.com.au/open/MedicationRequest/uscore-mo3",
      "resource": {
        "resourceType": "MedicationRequest",
        "id": "uscore-mo3",
        "meta": {
          "profile": [
            "http://hl7.org/fhir/us/core/StructureDefinition/us-core-medicationrequest"
          ]
        },
        "text": {
          "status": "generated",
          "div": "<div xmlns=\"http://www.w3.org/1999/xhtml\"><p><b>Generated Narrative with Details</b></p><p><b>id</b>: uscore-mo3</p><p><b>meta</b>: </p><p><b>status</b>: active</p><p><b>intent</b>: order</p><p><b>medication</b>: <a href=\"Medication-uscore-med2.html\">Nizatidine 15 MG/ML Oral Solution [Axid]. Generated Summary: id: uscore-med2; <span title=\"Codes: {http://www.nlm.nih.gov/research/umls/rxnorm 582620}\">Nizatidine 15 MG/ML Oral Solution [Axid]</span></a></p><p><b>subject</b>: <a href=\"Patient-example.html\">Amy Shaw. Generated Summary: id: example; Medical Record Number = 1032702 (USUAL); active; Amy V. Shaw ; ph: 555-555-5555(HOME), amy.shaw@example.com; gender: female; birthDate: 20/02/2007</a></p><p><b>authoredOn</b>: 05/04/2008</p><h3>Requesters</h3><table class=\"grid\"><tr><td>-</td><td><b>Agent</b></td></tr><tr><td>*</td><td>Ronald Bone, MD</td></tr></table></div>"
        },
        "status": "active",
        "intent": "order",
        "medicationReference": {
          "reference": "Medication/uscore-med2",
          "display": "Nizatidine 15 MG/ML Oral Solution [Axid]"
        },
        "subject": {
          "reference": "Patient/example",
          "display": "Amy Shaw"
        },
        "authoredOn": "2008-04-05",
        "requester": {
          "agent": {
            "display": "Ronald Bone, MD"
          }
        }
      },
      "search": {
        "mode": "match"
      }
    },
    {
      "fullUrl": "/Medication/uscore-med2",
      "resource": {
        "resourceType": "Medication",
        "id": "uscore-med2",
        "meta": {
          "versionId": "1",
          "lastUpdated": "2016-11-29T19:45:46Z",
          "profile": [
            "http://hl7.org/fhir/us/core/StructureDefinition/us-core-medication"
          ]
        },
        "text": {
          "status": "generated",
          "div": "<div xmlns=\"http://www.w3.org/1999/xhtml\"><p><b>Generated Narrative with Details</b></p><p><b>id</b>: uscore-med2</p><p><b>meta</b>: </p><p><b>code</b>: Nizatidine 15 MG/ML Oral Solution [Axid] <span style=\"background: LightGoldenRodYellow\">(Details : {RxNorm code '582620' = 'Nizatidine 15 MG/ML Oral Solution [Axid]', given as 'Nizatidine 15 MG/ML Oral Solution [Axid]'})</span></p></div>"
        },
        "code": {
          "coding": [
            {
              "system": "http://www.nlm.nih.gov/research/umls/rxnorm",
              "code": "582620",
              "display": "Nizatidine 15 MG/ML Oral Solution [Axid]"
            }
          ],
          "text": "Nizatidine 15 MG/ML Oral Solution [Axid]"
        }
      },
      "search": {
        "mode": "include"
      }
    }
  ]
}