{
  "resourceType": "ConceptMap",
  "id": "ndc-cvx",
  "text": {
    "status": "generated",
    "div": "<div xmlns=\"http://www.w3.org/1999/xhtml\"><h2>US Core NDC to CVX Code Mapping (http://hl7.org/fhir/us/core/ConceptMap/ndc-cvx)</h2><p>Mapping from <a href=\"ValueSet-us-core-ndc-vaccine-codes.html\">http://hl7.org/fhir/us/core/ValueSet/us-core-ndc-vaccine-codes</a> to <a href=\"ValueSet-us-core-cvx.html\">http://hl7.org/fhir/us/core/ValueSet/us-core-cvx</a></p><p>ACTIVE. Published on 06/06/2016 12:00:00 AM by HL7 US Realm Steering Committee. </p><div><p>Unit of Use <a href=\"https://www2a.cdc.gov/vaccines/iis/iisstandards/ndc_crosswalk.asp\">NDC code</a> mapping  to the <a href=\"https://www2a.cdc.gov/vaccines/iis/iisstandards/vaccines.asp?rpt=cvx\">CVX Vaccine codes</a>.  Note: source = NDC and target = CVX</p>\n</div><br/><table class=\"grid\"><tr><td><b>Source Code</b></td><td><b>Equivalence</b></td><td><b>Destination Code</b></td></tr><tr><td>49281-0589-58</td><td>wider</td><td>114</td></tr><tr><td>49281-0623-78</td><td>wider</td><td>158</td></tr><tr><td>49281-0515-00</td><td>wider</td><td>161</td></tr><tr><td>49281-0415-88</td><td>wider</td><td>150</td></tr><tr><td>49281-0415-58</td><td>wider</td><td>150</td></tr><tr><td>33332-0115-11</td><td>wider</td><td>141</td></tr><tr><td>33332-0015-02</td><td>wider</td><td>140</td></tr><tr><td>66019-0302-01</td><td>wider</td><td>149</td></tr><tr><td>42874-0015-01</td><td>wider</td><td>155</td></tr><tr><td>66521-0118-12</td><td>wider</td><td>140</td></tr><tr><td>66521-0118-11</td><td>wider</td><td>141</td></tr><tr><td>58160-0883-41</td><td>wider</td><td>140</td></tr><tr><td>66521-0000-11</td><td>wider</td><td>168</td></tr><tr><td>69401-0000-01</td><td>wider</td><td>25</td></tr><tr><td>66019-0301-01</td><td>wider</td><td>149</td></tr><tr><td>33332-0014-02</td><td>wider</td><td>140</td></tr><tr><td>33332-0114-11</td><td>wider</td><td>141</td></tr><tr><td>63851-0613-11</td><td>wider</td><td>153</td></tr><tr><td>66521-0117-11</td><td>wider</td><td>141</td></tr><tr><td>66521-0117-12</td><td>wider</td><td>140</td></tr><tr><td>00006-4093-01</td><td>wider</td><td>8</td></tr><tr><td>00006-4094-01</td><td>wider</td><td>43</td></tr><tr><td>00006-4095-01</td><td>wider</td><td>83</td></tr><tr><td>00006-4096-01</td><td>wider</td><td>52</td></tr><tr><td>00006-4963-01</td><td>wider</td><td>121</td></tr><tr><td>00006-4963-01</td><td>wider</td><td>121</td></tr><tr><td>42874-0014-01</td><td>wider</td><td>155</td></tr><tr><td>49281-0414-88</td><td>wider</td><td>150</td></tr><tr><td>49281-0395-88</td><td>wider</td><td>135</td></tr><tr><td>49281-0709-48</td><td>wider</td><td>144</td></tr><tr><td>58160-0881-41</td><td>wider</td><td>140</td></tr><tr><td>58160-0809-01</td><td>wider</td><td>148</td></tr><tr><td>62577-0613-11</td><td>wider</td><td>153</td></tr><tr><td>19515-0893-02</td><td>wider</td><td>141</td></tr><tr><td>49281-0621-78</td><td>wider</td><td>158</td></tr><tr><td>00005-0100-01</td><td>wider</td><td>162</td></tr><tr><td>00005-0100-01</td><td>wider</td><td>162</td></tr><tr><td>00005-0100-01</td><td>wider</td><td>162</td></tr><tr><td>00006-4047-01</td><td>wider</td><td>116</td></tr><tr><td>00006-4109-01</td><td>wider</td><td>62</td></tr><tr><td>62577-0613-11</td><td>wider</td><td>153</td></tr><tr><td>00006-4121-01</td><td>wider</td><td>165</td></tr><tr><td>00006-4119-01</td><td>wider</td><td>165</td></tr><tr><td>00006-4119-01</td><td>wider</td><td>165</td></tr><tr><td>63851-0511-11</td><td>wider</td><td>18</td></tr><tr><td>49281-0562-58</td><td>wider</td><td>130</td></tr><tr><td>46028-0114-11</td><td>wider</td><td>163</td></tr><tr><td>46028-0114-11</td><td>wider</td><td>163</td></tr><tr><td>00006-4171-01</td><td>wider</td><td>94</td></tr><tr><td>13533-0131-00</td><td>wider</td><td>9</td></tr><tr><td>49281-0396-78</td><td>wider</td><td>141</td></tr><tr><td>49281-0397-88</td><td>wider</td><td>135</td></tr><tr><td>62577-0614-11</td><td>wider</td><td>153</td></tr><tr><td>58160-0903-41</td><td>wider</td><td>150</td></tr><tr><td>19515-0898-01</td><td>wider</td><td>158</td></tr><tr><td>19515-0901-41</td><td>wider</td><td>150</td></tr><tr><td>49281-0393-88</td><td>wider</td><td>135</td></tr><tr><td>58160-0810-43</td><td>wider</td><td>20</td></tr><tr><td>58160-0810-01</td><td>wider</td><td>20</td></tr><tr><td>49281-0790-38</td><td>wider</td><td>101</td></tr><tr><td>49281-0790-88</td><td>wider</td><td>101</td></tr><tr><td>49281-0640-15</td><td>wider</td><td>127</td></tr><tr><td>49281-0650-10</td><td>wider</td><td>126</td></tr><tr><td>49281-0650-90</td><td>wider</td><td>126</td></tr><tr><td>49281-0650-25</td><td>wider</td><td>126</td></tr><tr><td>49281-0650-70</td><td>wider</td><td>126</td></tr><tr><td>49281-0650-50</td><td>wider</td><td>126</td></tr><tr><td>49281-0707-48</td><td>wider</td><td>144</td></tr><tr><td>66019-0110-01</td><td>wider</td><td>111</td></tr><tr><td>00006-4681-01</td><td>wider</td><td>3</td></tr><tr><td>49281-0215-58</td><td>wider</td><td>113</td></tr><tr><td>49281-0215-88</td><td>wider</td><td>113</td></tr><tr><td>46028-0218-11</td><td>wider</td><td>136</td></tr><tr><td>49281-0387-65</td><td>wider</td><td>135</td></tr><tr><td>49281-0386-15</td><td>wider</td><td>141</td></tr><tr><td>49281-0010-10</td><td>wider</td><td>140</td></tr><tr><td>49281-0010-25</td><td>wider</td><td>140</td></tr><tr><td>49281-0010-50</td><td>wider</td><td>140</td></tr><tr><td>54868-0980-00</td><td>wider</td><td>3</td></tr><tr><td>58160-0830-43</td><td>wider</td><td>118</td></tr><tr><td>58160-0830-05</td><td>wider</td><td>118</td></tr><tr><td>00005-1971-01</td><td>wider</td><td>133</td></tr><tr><td>00005-1971-01</td><td>wider</td><td>133</td></tr><tr><td>00005-1971-01</td><td>wider</td><td>133</td></tr><tr><td>17478-0131-00</td><td>wider</td><td>9</td></tr><tr><td>58160-0812-43</td><td>wider</td><td>130</td></tr><tr><td>58160-0812-01</td><td>wider</td><td>130</td></tr><tr><td>66019-0108-01</td><td>wider</td><td>111</td></tr><tr><td>00006-4898-01</td><td>wider</td><td>51</td></tr><tr><td>58160-0809-01</td><td>wider</td><td>148</td></tr><tr><td>63851-0612-11</td><td>wider</td><td>153</td></tr><tr><td>00006-4992-01</td><td>wider</td><td>44</td></tr><tr><td>00006-4981-01</td><td>wider</td><td>8</td></tr><tr><td>00006-4980-00</td><td>wider</td><td>8</td></tr><tr><td>00006-4093-01</td><td>wider</td><td>8</td></tr><tr><td>00006-4094-01</td><td>wider</td><td>43</td></tr><tr><td>00006-4109-01</td><td>wider</td><td>62</td></tr><tr><td>66521-0112-02</td><td>wider</td><td>140</td></tr><tr><td>66521-0112-10</td><td>wider</td><td>141</td></tr><tr><td>66019-0107-01</td><td>wider</td><td>111</td></tr><tr><td>49281-0225-58</td><td>wider</td><td>28</td></tr><tr><td>49281-0705-55</td><td>wider</td><td>144</td></tr><tr><td>42515-0001-00</td><td>wider</td><td>134</td></tr><tr><td>58160-0879-41</td><td>wider</td><td>140</td></tr><tr><td>58160-0880-41</td><td>wider</td><td>140</td></tr><tr><td>58160-0820-01</td><td>wider</td><td>8</td></tr><tr><td>58160-0820-43</td><td>wider</td><td>8</td></tr><tr><td>58160-0821-01</td><td>wider</td><td>43</td></tr><tr><td>58160-0821-43</td><td>wider</td><td>43</td></tr><tr><td>58160-0821-05</td><td>wider</td><td>43</td></tr><tr><td>42874-0012-01</td><td>wider</td><td>155</td></tr><tr><td>49281-0278-10</td><td>wider</td><td>28</td></tr><tr><td>66019-0109-01</td><td>wider</td><td>111</td></tr><tr><td>19515-0890-02</td><td>wider</td><td>141</td></tr><tr><td>19515-0889-02</td><td>wider</td><td>141</td></tr><tr><td>58160-0900-41</td><td>wider</td><td>150</td></tr><tr><td>49281-0860-78</td><td>wider</td><td>10</td></tr><tr><td>49281-0860-88</td><td>wider</td><td>10</td></tr><tr><td>49281-0389-65</td><td>wider</td><td>135</td></tr><tr><td>49281-0388-15</td><td>wider</td><td>141</td></tr><tr><td>49281-0011-10</td><td>wider</td><td>140</td></tr><tr><td>49281-0011-50</td><td>wider</td><td>140</td></tr><tr><td>49281-0703-55</td><td>wider</td><td>144</td></tr><tr><td>49281-0111-25</td><td>wider</td><td>140</td></tr><tr><td>66521-0200-10</td><td>wider</td><td>126</td></tr><tr><td>66521-0200-02</td><td>wider</td><td>127</td></tr><tr><td>49281-0298-10</td><td>wider</td><td>20</td></tr><tr><td>58160-0806-01</td><td>wider</td><td>48</td></tr><tr><td>33332-0013-02</td><td>wider</td><td>140</td></tr><tr><td>33332-0113-11</td><td>wider</td><td>141</td></tr><tr><td>49281-0391-65</td><td>wider</td><td>135</td></tr><tr><td>49281-0012-50</td><td>wider</td><td>140</td></tr><tr><td>49281-0012-10</td><td>wider</td><td>140</td></tr><tr><td>49281-0112-25</td><td>wider</td><td>140</td></tr><tr><td>49281-0390-15</td><td>wider</td><td>141</td></tr><tr><td>00006-4897-01</td><td>wider</td><td>49</td></tr><tr><td>49281-0291-83</td><td>wider</td><td>113</td></tr><tr><td>49281-0291-10</td><td>wider</td><td>113</td></tr><tr><td>49281-0413-88</td><td>wider</td><td>150</td></tr><tr><td>49281-0413-58</td><td>wider</td><td>150</td></tr><tr><td>49281-0513-00</td><td>wider</td><td>161</td></tr><tr><td>66521-0113-02</td><td>wider</td><td>140</td></tr><tr><td>66521-0113-10</td><td>wider</td><td>141</td></tr><tr><td>00005-1970-49</td><td>wider</td><td>100</td></tr><tr><td>00006-4047-01</td><td>wider</td><td>116</td></tr><tr><td>58160-0811-43</td><td>wider</td><td>110</td></tr><tr><td>58160-0811-41</td><td>wider</td><td>110</td></tr><tr><td>00006-4827-01</td><td>wider</td><td>21</td></tr><tr><td>00006-4826-01</td><td>wider</td><td>21</td></tr><tr><td>58160-0842-41</td><td>wider</td><td>115</td></tr><tr><td>58160-0842-01</td><td>wider</td><td>115</td></tr><tr><td>58160-0842-43</td><td>wider</td><td>115</td></tr><tr><td>58160-0842-05</td><td>wider</td><td>115</td></tr><tr><td>66019-0300-01</td><td>wider</td><td>149</td></tr><tr><td>49281-0589-58</td><td>wider</td><td>114</td></tr><tr><td>00006-4095-01</td><td>wider</td><td>83</td></tr><tr><td>00006-4096-01</td><td>wider</td><td>52</td></tr><tr><td>00006-4831-01</td><td>wider</td><td>83</td></tr><tr><td>63851-0511-11</td><td>wider</td><td>18</td></tr><tr><td>66019-0200-01</td><td>wider</td><td>125</td></tr><tr><td>14362-0111-03</td><td>wider</td><td>9</td></tr><tr><td>33332-0519-01</td><td>wider</td><td>126</td></tr><tr><td>33332-0519-25</td><td>wider</td><td>126</td></tr><tr><td>33332-0629-10</td><td>wider</td><td>127</td></tr><tr><td>58160-0825-43</td><td>wider</td><td>83</td></tr><tr><td>58160-0825-01</td><td>wider</td><td>83</td></tr><tr><td>58160-0826-43</td><td>wider</td><td>52</td></tr><tr><td>58160-0826-05</td><td>wider</td><td>52</td></tr><tr><td>58160-0826-01</td><td>wider</td><td>52</td></tr><tr><td>33332-0010-01</td><td>wider</td><td>140</td></tr><tr><td>33332-0110-10</td><td>wider</td><td>141</td></tr><tr><td>66521-0115-10</td><td>wider</td><td>141</td></tr><tr><td>66521-0115-02</td><td>wider</td><td>140</td></tr><tr><td>00006-4133-01</td><td>wider</td><td>9</td></tr><tr><td>54868-4320-09</td><td>wider</td><td>33</td></tr><tr><td>54868-3339-09</td><td>wider</td><td>33</td></tr><tr><td>00052-0603-01</td><td>wider</td><td>19</td></tr><tr><td>64678-0211-05</td><td>wider</td><td>24</td></tr><tr><td>00006-4739-01</td><td>wider</td><td>33</td></tr><tr><td>00006-4943-01</td><td>wider</td><td>33</td></tr><tr><td>49281-0013-58</td><td>wider</td><td>140</td></tr><tr><td>49281-0013-88</td><td>wider</td><td>140</td></tr><tr><td>49281-0392-78</td><td>wider</td><td>141</td></tr><tr><td>49281-0113-00</td><td>wider</td><td>140</td></tr><tr><td>49281-0820-10</td><td>wider</td><td>35</td></tr><tr><td>49281-0800-83</td><td>wider</td><td>35</td></tr><tr><td>49281-0400-88</td><td>wider</td><td>115</td></tr><tr><td>49281-0286-58</td><td>wider</td><td>106</td></tr><tr><td>49281-0286-58</td><td>wider</td><td>106</td></tr><tr><td>49281-0286-58</td><td>wider</td><td>106</td></tr><tr><td>58160-0815-41</td><td>wider</td><td>104</td></tr><tr><td>58160-0815-43</td><td>wider</td><td>104</td></tr><tr><td>58160-0815-05</td><td>wider</td><td>104</td></tr><tr><td>58160-0815-43</td><td>wider</td><td>104</td></tr><tr><td>58160-0815-01</td><td>wider</td><td>104</td></tr><tr><td>66521-0114-10</td><td>wider</td><td>141</td></tr><tr><td>76420-0482-01</td><td>wider</td><td>140</td></tr><tr><td>19515-0895-01</td><td>wider</td><td>158</td></tr><tr><td>00006-4999-01</td><td>wider</td><td>94</td></tr><tr><td>49281-0545-15</td><td>wider</td><td>120</td></tr><tr><td>51285-0174-02</td><td>wider</td><td>143</td></tr><tr><td>49281-0248-58</td><td>wider</td><td>18</td></tr><tr><td>49281-0487-58</td><td>wider</td><td>32</td></tr><tr><td>49281-0915-58</td><td>wider</td><td>37</td></tr><tr><td>49281-0547-58</td><td>wider</td><td>48</td></tr><tr><td>58160-0851-01</td><td>wider</td><td>119</td></tr><tr><td>49281-0915-68</td><td>wider</td><td>37</td></tr><tr><td>49281-0488-78</td><td>wider</td><td>32</td></tr><tr><td>46028-0219-11</td><td>wider</td><td>136</td></tr><tr><td>51285-0175-02</td><td>wider</td><td>143</td></tr><tr><td>49281-0560-05</td><td>wider</td><td>120</td></tr><tr><td>49281-0400-58</td><td>wider</td><td>115</td></tr><tr><td>49281-0400-58</td><td>wider</td><td>115</td></tr><tr><td>42874-0013-01</td><td>wider</td><td>155</td></tr><tr><td>66521-0116-11</td><td>wider</td><td>141</td></tr><tr><td>66521-0116-12</td><td>wider</td><td>140</td></tr><tr><td>00006-4045-01</td><td>wider</td><td>62</td></tr><tr><td>00006-4045-01</td><td>wider</td><td>62</td></tr><tr><td>00006-4995-01</td><td>wider</td><td>43</td></tr><tr><td>00006-4995-01</td><td>wider</td><td>43</td></tr><tr><td>00006-4841-01</td><td>wider</td><td>52</td></tr><tr><td>00006-4841-01</td><td>wider</td><td>52</td></tr><tr><td>58160-0804-01</td><td>wider</td><td>160</td></tr><tr><td>58160-0802-02</td><td>wider</td><td>160</td></tr><tr><td>58160-0901-41</td><td>wider</td><td>150</td></tr><tr><td>00006-4837-01</td><td>wider</td><td>33</td></tr><tr><td>19515-0891-01</td><td>wider</td><td>158</td></tr><tr><td>19515-0893-02</td><td>wider</td><td>141</td></tr><tr><td>19515-0894-41</td><td>wider</td><td>150</td></tr><tr><td>49281-0514-00</td><td>wider</td><td>161</td></tr><tr><td>49281-0394-78</td><td>wider</td><td>141</td></tr><tr><td>49281-0014-88</td><td>wider</td><td>140</td></tr><tr><td>49281-0414-58</td><td>wider</td><td>150</td></tr></table></div>"
  },
  "url": "http://hl7.org/fhir/us/core/ConceptMap/ndc-cvx",
  "version": "1.0.1",
  "name": "US Core NDC to CVX Code Mapping",
  "status": "active",
  "date": "2016-06-06T00:00:00+10:00",
  "publisher": "HL7 US Realm Steering Committee",
  "description": "Unit of Use [NDC code] (https://www2a.cdc.gov/vaccines/iis/iisstandards/ndc_crosswalk.asp) mapping  to the [CVX Vaccine codes](https://www2a.cdc.gov/vaccines/iis/iisstandards/vaccines.asp?rpt=cvx).  Note: source = NDC and target = CVX",
  "jurisdiction": [
    {
      "coding": [
        {
          "system": "urn:iso:std:iso:3166",
          "code": "US",
          "display": "United States Minor Outlying Islands (the)"
        }
      ]
    }
  ],
  "purpose": "Based upon the 2015 Edition Certification Requirements, the NDC vaccine codes SHOULD be supported as translations to the CVX vaccine codes.",
  "sourceReference": {
    "reference": "http://hl7.org/fhir/us/core/ValueSet/us-core-ndc-vaccine-codes",
    "display": "Vaccine National Drug Code (NDC)"
  },
  "targetReference": {
    "reference": "http://hl7.org/fhir/us/core/ValueSet/us-core-cvx",
    "display": "Vaccine Administered Value Set (CVX)"
  },
  "group": [
    {
      "element": [
        {
          "code": "49281-0589-58",
          "target": [
            {
              "code": "114",
              "equivalence": "wider"
            }
          ]
        },
        {
          "code": "49281-0623-78",
          "target": [
            {
              "code": "158",
              "equivalence": "wider"
            }
          ]
        },
        {
          "code": "49281-0515-00",
          "target": [
            {
              "code": "161",
              "equivalence": "wider"
            }
          ]
        },
        {
          "code": "49281-0415-88",
          "target": [
            {
              "code": "150",
              "equivalence": "wider"
            }
          ]
        },
        {
          "code": "49281-0415-58",
          "target": [
            {
              "code": "150",
              "equivalence": "wider"
            }
          ]
        },
        {
          "code": "33332-0115-11",
          "target": [
            {
              "code": "141",
              "equivalence": "wider"
            }
          ]
        },
        {
          "code": "33332-0015-02",
          "target": [
            {
              "code": "140",
              "equivalence": "wider"
            }
          ]
        },
        {
          "code": "66019-0302-01",
          "target": [
            {
              "code": "149",
              "equivalence": "wider"
            }
          ]
        },
        {
          "code": "42874-0015-01",
          "target": [
            {
              "code": "155",
              "equivalence": "wider"
            }
          ]
        },
        {
          "code": "66521-0118-12",
          "target": [
            {
              "code": "140",
              "equivalence": "wider"
            }
          ]
        },
        {
          "code": "66521-0118-11",
          "target": [
            {
              "code": "141",
              "equivalence": "wider"
            }
          ]
        },
        {
          "code": "58160-0883-41",
          "target": [
            {
              "code": "140",
              "equivalence": "wider"
            }
          ]
        },
        {
          "code": "66521-0000-11",
          "target": [
            {
              "code": "168",
              "equivalence": "wider"
            }
          ]
        },
        {
          "code": "69401-0000-01",
          "target": [
            {
              "code": "25",
              "equivalence": "wider"
            }
          ]
        },
        {
          "code": "66019-0301-01",
          "target": [
            {
              "code": "149",
              "equivalence": "wider"
            }
          ]
        },
        {
          "code": "33332-0014-02",
          "target": [
            {
              "code": "140",
              "equivalence": "wider"
            }
          ]
        },
        {
          "code": "33332-0114-11",
          "target": [
            {
              "code": "141",
              "equivalence": "wider"
            }
          ]
        },
        {
          "code": "63851-0613-11",
          "target": [
            {
              "code": "153",
              "equivalence": "wider"
            }
          ]
        },
        {
          "code": "66521-0117-11",
          "target": [
            {
              "code": "141",
              "equivalence": "wider"
            }
          ]
        },
        {
          "code": "66521-0117-12",
          "target": [
            {
              "code": "140",
              "equivalence": "wider"
            }
          ]
        },
        {
          "code": "00006-4093-01",
          "target": [
            {
              "code": "8",
              "equivalence": "wider"
            }
          ]
        },
        {
          "code": "00006-4094-01",
          "target": [
            {
              "code": "43",
              "equivalence": "wider"
            }
          ]
        },
        {
          "code": "00006-4095-01",
          "target": [
            {
              "code": "83",
              "equivalence": "wider"
            }
          ]
        },
        {
          "code": "00006-4096-01",
          "target": [
            {
              "code": "52",
              "equivalence": "wider"
            }
          ]
        },
        {
          "code": "00006-4963-01",
          "target": [
            {
              "code": "121",
              "equivalence": "wider"
            }
          ]
        },
        {
          "code": "00006-4963-01",
          "target": [
            {
              "code": "121",
              "equivalence": "wider"
            }
          ]
        },
        {
          "code": "42874-0014-01",
          "target": [
            {
              "code": "155",
              "equivalence": "wider"
            }
          ]
        },
        {
          "code": "49281-0414-88",
          "target": [
            {
              "code": "150",
              "equivalence": "wider"
            }
          ]
        },
        {
          "code": "49281-0395-88",
          "target": [
            {
              "code": "135",
              "equivalence": "wider"
            }
          ]
        },
        {
          "code": "49281-0709-48",
          "target": [
            {
              "code": "144",
              "equivalence": "wider"
            }
          ]
        },
        {
          "code": "58160-0881-41",
          "target": [
            {
              "code": "140",
              "equivalence": "wider"
            }
          ]
        },
        {
          "code": "58160-0809-01",
          "target": [
            {
              "code": "148",
              "equivalence": "wider"
            }
          ]
        },
        {
          "code": "62577-0613-11",
          "target": [
            {
              "code": "153",
              "equivalence": "wider"
            }
          ]
        },
        {
          "code": "19515-0893-02",
          "target": [
            {
              "code": "141",
              "equivalence": "wider"
            }
          ]
        },
        {
          "code": "49281-0621-78",
          "target": [
            {
              "code": "158",
              "equivalence": "wider"
            }
          ]
        },
        {
          "code": "00005-0100-01",
          "target": [
            {
              "code": "162",
              "equivalence": "wider"
            }
          ]
        },
        {
          "code": "00005-0100-01",
          "target": [
            {
              "code": "162",
              "equivalence": "wider"
            }
          ]
        },
        {
          "code": "00005-0100-01",
          "target": [
            {
              "code": "162",
              "equivalence": "wider"
            }
          ]
        },
        {
          "code": "00006-4047-01",
          "target": [
            {
              "code": "116",
              "equivalence": "wider"
            }
          ]
        },
        {
          "code": "00006-4109-01",
          "target": [
            {
              "code": "62",
              "equivalence": "wider"
            }
          ]
        },
        {
          "code": "62577-0613-11",
          "target": [
            {
              "code": "153",
              "equivalence": "wider"
            }
          ]
        },
        {
          "code": "00006-4121-01",
          "target": [
            {
              "code": "165",
              "equivalence": "wider"
            }
          ]
        },
        {
          "code": "00006-4119-01",
          "target": [
            {
              "code": "165",
              "equivalence": "wider"
            }
          ]
        },
        {
          "code": "00006-4119-01",
          "target": [
            {
              "code": "165",
              "equivalence": "wider"
            }
          ]
        },
        {
          "code": "63851-0511-11",
          "target": [
            {
              "code": "18",
              "equivalence": "wider"
            }
          ]
        },
        {
          "code": "49281-0562-58",
          "target": [
            {
              "code": "130",
              "equivalence": "wider"
            }
          ]
        },
        {
          "code": "46028-0114-11",
          "target": [
            {
              "code": "163",
              "equivalence": "wider"
            }
          ]
        },
        {
          "code": "46028-0114-11",
          "target": [
            {
              "code": "163",
              "equivalence": "wider"
            }
          ]
        },
        {
          "code": "00006-4171-01",
          "target": [
            {
              "code": "94",
              "equivalence": "wider"
            }
          ]
        },
        {
          "code": "13533-0131-00",
          "target": [
            {
              "code": "9",
              "equivalence": "wider"
            }
          ]
        },
        {
          "code": "49281-0396-78",
          "target": [
            {
              "code": "141",
              "equivalence": "wider"
            }
          ]
        },
        {
          "code": "49281-0397-88",
          "target": [
            {
              "code": "135",
              "equivalence": "wider"
            }
          ]
        },
        {
          "code": "62577-0614-11",
          "target": [
            {
              "code": "153",
              "equivalence": "wider"
            }
          ]
        },
        {
          "code": "58160-0903-41",
          "target": [
            {
              "code": "150",
              "equivalence": "wider"
            }
          ]
        },
        {
          "code": "19515-0898-01",
          "target": [
            {
              "code": "158",
              "equivalence": "wider"
            }
          ]
        },
        {
          "code": "19515-0901-41",
          "target": [
            {
              "code": "150",
              "equivalence": "wider"
            }
          ]
        },
        {
          "code": "49281-0393-88",
          "target": [
            {
              "code": "135",
              "equivalence": "wider"
            }
          ]
        },
        {
          "code": "58160-0810-43",
          "target": [
            {
              "code": "20",
              "equivalence": "wider"
            }
          ]
        },
        {
          "code": "58160-0810-01",
          "target": [
            {
              "code": "20",
              "equivalence": "wider"
            }
          ]
        },
        {
          "code": "49281-0790-38",
          "target": [
            {
              "code": "101",
              "equivalence": "wider"
            }
          ]
        },
        {
          "code": "49281-0790-88",
          "target": [
            {
              "code": "101",
              "equivalence": "wider"
            }
          ]
        },
        {
          "code": "49281-0640-15",
          "target": [
            {
              "code": "127",
              "equivalence": "wider"
            }
          ]
        },
        {
          "code": "49281-0650-10",
          "target": [
            {
              "code": "126",
              "equivalence": "wider"
            }
          ]
        },
        {
          "code": "49281-0650-90",
          "target": [
            {
              "code": "126",
              "equivalence": "wider"
            }
          ]
        },
        {
          "code": "49281-0650-25",
          "target": [
            {
              "code": "126",
              "equivalence": "wider"
            }
          ]
        },
        {
          "code": "49281-0650-70",
          "target": [
            {
              "code": "126",
              "equivalence": "wider"
            }
          ]
        },
        {
          "code": "49281-0650-50",
          "target": [
            {
              "code": "126",
              "equivalence": "wider"
            }
          ]
        },
        {
          "code": "49281-0707-48",
          "target": [
            {
              "code": "144",
              "equivalence": "wider"
            }
          ]
        },
        {
          "code": "66019-0110-01",
          "target": [
            {
              "code": "111",
              "equivalence": "wider"
            }
          ]
        },
        {
          "code": "00006-4681-01",
          "target": [
            {
              "code": "3",
              "equivalence": "wider"
            }
          ]
        },
        {
          "code": "49281-0215-58",
          "target": [
            {
              "code": "113",
              "equivalence": "wider"
            }
          ]
        },
        {
          "code": "49281-0215-88",
          "target": [
            {
              "code": "113",
              "equivalence": "wider"
            }
          ]
        },
        {
          "code": "46028-0218-11",
          "target": [
            {
              "code": "136",
              "equivalence": "wider"
            }
          ]
        },
        {
          "code": "49281-0387-65",
          "target": [
            {
              "code": "135",
              "equivalence": "wider"
            }
          ]
        },
        {
          "code": "49281-0386-15",
          "target": [
            {
              "code": "141",
              "equivalence": "wider"
            }
          ]
        },
        {
          "code": "49281-0010-10",
          "target": [
            {
              "code": "140",
              "equivalence": "wider"
            }
          ]
        },
        {
          "code": "49281-0010-25",
          "target": [
            {
              "code": "140",
              "equivalence": "wider"
            }
          ]
        },
        {
          "code": "49281-0010-50",
          "target": [
            {
              "code": "140",
              "equivalence": "wider"
            }
          ]
        },
        {
          "code": "54868-0980-00",
          "target": [
            {
              "code": "3",
              "equivalence": "wider"
            }
          ]
        },
        {
          "code": "58160-0830-43",
          "target": [
            {
              "code": "118",
              "equivalence": "wider"
            }
          ]
        },
        {
          "code": "58160-0830-05",
          "target": [
            {
              "code": "118",
              "equivalence": "wider"
            }
          ]
        },
        {
          "code": "00005-1971-01",
          "target": [
            {
              "code": "133",
              "equivalence": "wider"
            }
          ]
        },
        {
          "code": "00005-1971-01",
          "target": [
            {
              "code": "133",
              "equivalence": "wider"
            }
          ]
        },
        {
          "code": "00005-1971-01",
          "target": [
            {
              "code": "133",
              "equivalence": "wider"
            }
          ]
        },
        {
          "code": "17478-0131-00",
          "target": [
            {
              "code": "9",
              "equivalence": "wider"
            }
          ]
        },
        {
          "code": "58160-0812-43",
          "target": [
            {
              "code": "130",
              "equivalence": "wider"
            }
          ]
        },
        {
          "code": "58160-0812-01",
          "target": [
            {
              "code": "130",
              "equivalence": "wider"
            }
          ]
        },
        {
          "code": "66019-0108-01",
          "target": [
            {
              "code": "111",
              "equivalence": "wider"
            }
          ]
        },
        {
          "code": "00006-4898-01",
          "target": [
            {
              "code": "51",
              "equivalence": "wider"
            }
          ]
        },
        {
          "code": "58160-0809-01",
          "target": [
            {
              "code": "148",
              "equivalence": "wider"
            }
          ]
        },
        {
          "code": "63851-0612-11",
          "target": [
            {
              "code": "153",
              "equivalence": "wider"
            }
          ]
        },
        {
          "code": "00006-4992-01",
          "target": [
            {
              "code": "44",
              "equivalence": "wider"
            }
          ]
        },
        {
          "code": "00006-4981-01",
          "target": [
            {
              "code": "8",
              "equivalence": "wider"
            }
          ]
        },
        {
          "code": "00006-4980-00",
          "target": [
            {
              "code": "8",
              "equivalence": "wider"
            }
          ]
        },
        {
          "code": "00006-4093-01",
          "target": [
            {
              "code": "8",
              "equivalence": "wider"
            }
          ]
        },
        {
          "code": "00006-4094-01",
          "target": [
            {
              "code": "43",
              "equivalence": "wider"
            }
          ]
        },
        {
          "code": "00006-4109-01",
          "target": [
            {
              "code": "62",
              "equivalence": "wider"
            }
          ]
        },
        {
          "code": "66521-0112-02",
          "target": [
            {
              "code": "140",
              "equivalence": "wider"
            }
          ]
        },
        {
          "code": "66521-0112-10",
          "target": [
            {
              "code": "141",
              "equivalence": "wider"
            }
          ]
        },
        {
          "code": "66019-0107-01",
          "target": [
            {
              "code": "111",
              "equivalence": "wider"
            }
          ]
        },
        {
          "code": "49281-0225-58",
          "target": [
            {
              "code": "28",
              "equivalence": "wider"
            }
          ]
        },
        {
          "code": "49281-0705-55",
          "target": [
            {
              "code": "144",
              "equivalence": "wider"
            }
          ]
        },
        {
          "code": "42515-0001-00",
          "target": [
            {
              "code": "134",
              "equivalence": "wider"
            }
          ]
        },
        {
          "code": "58160-0879-41",
          "target": [
            {
              "code": "140",
              "equivalence": "wider"
            }
          ]
        },
        {
          "code": "58160-0880-41",
          "target": [
            {
              "code": "140",
              "equivalence": "wider"
            }
          ]
        },
        {
          "code": "58160-0820-01",
          "target": [
            {
              "code": "8",
              "equivalence": "wider"
            }
          ]
        },
        {
          "code": "58160-0820-43",
          "target": [
            {
              "code": "8",
              "equivalence": "wider"
            }
          ]
        },
        {
          "code": "58160-0821-01",
          "target": [
            {
              "code": "43",
              "equivalence": "wider"
            }
          ]
        },
        {
          "code": "58160-0821-43",
          "target": [
            {
              "code": "43",
              "equivalence": "wider"
            }
          ]
        },
        {
          "code": "58160-0821-05",
          "target": [
            {
              "code": "43",
              "equivalence": "wider"
            }
          ]
        },
        {
          "code": "42874-0012-01",
          "target": [
            {
              "code": "155",
              "equivalence": "wider"
            }
          ]
        },
        {
          "code": "49281-0278-10",
          "target": [
            {
              "code": "28",
              "equivalence": "wider"
            }
          ]
        },
        {
          "code": "66019-0109-01",
          "target": [
            {
              "code": "111",
              "equivalence": "wider"
            }
          ]
        },
        {
          "code": "19515-0890-02",
          "target": [
            {
              "code": "141",
              "equivalence": "wider"
            }
          ]
        },
        {
          "code": "19515-0889-02",
          "target": [
            {
              "code": "141",
              "equivalence": "wider"
            }
          ]
        },
        {
          "code": "58160-0900-41",
          "target": [
            {
              "code": "150",
              "equivalence": "wider"
            }
          ]
        },
        {
          "code": "49281-0860-78",
          "target": [
            {
              "code": "10",
              "equivalence": "wider"
            }
          ]
        },
        {
          "code": "49281-0860-88",
          "target": [
            {
              "code": "10",
              "equivalence": "wider"
            }
          ]
        },
        {
          "code": "49281-0389-65",
          "target": [
            {
              "code": "135",
              "equivalence": "wider"
            }
          ]
        },
        {
          "code": "49281-0388-15",
          "target": [
            {
              "code": "141",
              "equivalence": "wider"
            }
          ]
        },
        {
          "code": "49281-0011-10",
          "target": [
            {
              "code": "140",
              "equivalence": "wider"
            }
          ]
        },
        {
          "code": "49281-0011-50",
          "target": [
            {
              "code": "140",
              "equivalence": "wider"
            }
          ]
        },
        {
          "code": "49281-0703-55",
          "target": [
            {
              "code": "144",
              "equivalence": "wider"
            }
          ]
        },
        {
          "code": "49281-0111-25",
          "target": [
            {
              "code": "140",
              "equivalence": "wider"
            }
          ]
        },
        {
          "code": "66521-0200-10",
          "target": [
            {
              "code": "126",
              "equivalence": "wider"
            }
          ]
        },
        {
          "code": "66521-0200-02",
          "target": [
            {
              "code": "127",
              "equivalence": "wider"
            }
          ]
        },
        {
          "code": "49281-0298-10",
          "target": [
            {
              "code": "20",
              "equivalence": "wider"
            }
          ]
        },
        {
          "code": "58160-0806-01",
          "target": [
            {
              "code": "48",
              "equivalence": "wider"
            }
          ]
        },
        {
          "code": "33332-0013-02",
          "target": [
            {
              "code": "140",
              "equivalence": "wider"
            }
          ]
        },
        {
          "code": "33332-0113-11",
          "target": [
            {
              "code": "141",
              "equivalence": "wider"
            }
          ]
        },
        {
          "code": "49281-0391-65",
          "target": [
            {
              "code": "135",
              "equivalence": "wider"
            }
          ]
        },
        {
          "code": "49281-0012-50",
          "target": [
            {
              "code": "140",
              "equivalence": "wider"
            }
          ]
        },
        {
          "code": "49281-0012-10",
          "target": [
            {
              "code": "140",
              "equivalence": "wider"
            }
          ]
        },
        {
          "code": "49281-0112-25",
          "target": [
            {
              "code": "140",
              "equivalence": "wider"
            }
          ]
        },
        {
          "code": "49281-0390-15",
          "target": [
            {
              "code": "141",
              "equivalence": "wider"
            }
          ]
        },
        {
          "code": "00006-4897-01",
          "target": [
            {
              "code": "49",
              "equivalence": "wider"
            }
          ]
        },
        {
          "code": "49281-0291-83",
          "target": [
            {
              "code": "113",
              "equivalence": "wider"
            }
          ]
        },
        {
          "code": "49281-0291-10",
          "target": [
            {
              "code": "113",
              "equivalence": "wider"
            }
          ]
        },
        {
          "code": "49281-0413-88",
          "target": [
            {
              "code": "150",
              "equivalence": "wider"
            }
          ]
        },
        {
          "code": "49281-0413-58",
          "target": [
            {
              "code": "150",
              "equivalence": "wider"
            }
          ]
        },
        {
          "code": "49281-0513-00",
          "target": [
            {
              "code": "161",
              "equivalence": "wider"
            }
          ]
        },
        {
          "code": "66521-0113-02",
          "target": [
            {
              "code": "140",
              "equivalence": "wider"
            }
          ]
        },
        {
          "code": "66521-0113-10",
          "target": [
            {
              "code": "141",
              "equivalence": "wider"
            }
          ]
        },
        {
          "code": "00005-1970-49",
          "target": [
            {
              "code": "100",
              "equivalence": "wider"
            }
          ]
        },
        {
          "code": "00006-4047-01",
          "target": [
            {
              "code": "116",
              "equivalence": "wider"
            }
          ]
        },
        {
          "code": "58160-0811-43",
          "target": [
            {
              "code": "110",
              "equivalence": "wider"
            }
          ]
        },
        {
          "code": "58160-0811-41",
          "target": [
            {
              "code": "110",
              "equivalence": "wider"
            }
          ]
        },
        {
          "code": "00006-4827-01",
          "target": [
            {
              "code": "21",
              "equivalence": "wider"
            }
          ]
        },
        {
          "code": "00006-4826-01",
          "target": [
            {
              "code": "21",
              "equivalence": "wider"
            }
          ]
        },
        {
          "code": "58160-0842-41",
          "target": [
            {
              "code": "115",
              "equivalence": "wider"
            }
          ]
        },
        {
          "code": "58160-0842-01",
          "target": [
            {
              "code": "115",
              "equivalence": "wider"
            }
          ]
        },
        {
          "code": "58160-0842-43",
          "target": [
            {
              "code": "115",
              "equivalence": "wider"
            }
          ]
        },
        {
          "code": "58160-0842-05",
          "target": [
            {
              "code": "115",
              "equivalence": "wider"
            }
          ]
        },
        {
          "code": "66019-0300-01",
          "target": [
            {
              "code": "149",
              "equivalence": "wider"
            }
          ]
        },
        {
          "code": "49281-0589-58",
          "target": [
            {
              "code": "114",
              "equivalence": "wider"
            }
          ]
        },
        {
          "code": "00006-4095-01",
          "target": [
            {
              "code": "83",
              "equivalence": "wider"
            }
          ]
        },
        {
          "code": "00006-4096-01",
          "target": [
            {
              "code": "52",
              "equivalence": "wider"
            }
          ]
        },
        {
          "code": "00006-4831-01",
          "target": [
            {
              "code": "83",
              "equivalence": "wider"
            }
          ]
        },
        {
          "code": "63851-0511-11",
          "target": [
            {
              "code": "18",
              "equivalence": "wider"
            }
          ]
        },
        {
          "code": "66019-0200-01",
          "target": [
            {
              "code": "125",
              "equivalence": "wider"
            }
          ]
        },
        {
          "code": "14362-0111-03",
          "target": [
            {
              "code": "9",
              "equivalence": "wider"
            }
          ]
        },
        {
          "code": "33332-0519-01",
          "target": [
            {
              "code": "126",
              "equivalence": "wider"
            }
          ]
        },
        {
          "code": "33332-0519-25",
          "target": [
            {
              "code": "126",
              "equivalence": "wider"
            }
          ]
        },
        {
          "code": "33332-0629-10",
          "target": [
            {
              "code": "127",
              "equivalence": "wider"
            }
          ]
        },
        {
          "code": "58160-0825-43",
          "target": [
            {
              "code": "83",
              "equivalence": "wider"
            }
          ]
        },
        {
          "code": "58160-0825-01",
          "target": [
            {
              "code": "83",
              "equivalence": "wider"
            }
          ]
        },
        {
          "code": "58160-0826-43",
          "target": [
            {
              "code": "52",
              "equivalence": "wider"
            }
          ]
        },
        {
          "code": "58160-0826-05",
          "target": [
            {
              "code": "52",
              "equivalence": "wider"
            }
          ]
        },
        {
          "code": "58160-0826-01",
          "target": [
            {
              "code": "52",
              "equivalence": "wider"
            }
          ]
        },
        {
          "code": "33332-0010-01",
          "target": [
            {
              "code": "140",
              "equivalence": "wider"
            }
          ]
        },
        {
          "code": "33332-0110-10",
          "target": [
            {
              "code": "141",
              "equivalence": "wider"
            }
          ]
        },
        {
          "code": "66521-0115-10",
          "target": [
            {
              "code": "141",
              "equivalence": "wider"
            }
          ]
        },
        {
          "code": "66521-0115-02",
          "target": [
            {
              "code": "140",
              "equivalence": "wider"
            }
          ]
        },
        {
          "code": "00006-4133-01",
          "target": [
            {
              "code": "9",
              "equivalence": "wider"
            }
          ]
        },
        {
          "code": "54868-4320-09",
          "target": [
            {
              "code": "33",
              "equivalence": "wider"
            }
          ]
        },
        {
          "code": "54868-3339-09",
          "target": [
            {
              "code": "33",
              "equivalence": "wider"
            }
          ]
        },
        {
          "code": "00052-0603-01",
          "target": [
            {
              "code": "19",
              "equivalence": "wider"
            }
          ]
        },
        {
          "code": "64678-0211-05",
          "target": [
            {
              "code": "24",
              "equivalence": "wider"
            }
          ]
        },
        {
          "code": "00006-4739-01",
          "target": [
            {
              "code": "33",
              "equivalence": "wider"
            }
          ]
        },
        {
          "code": "00006-4943-01",
          "target": [
            {
              "code": "33",
              "equivalence": "wider"
            }
          ]
        },
        {
          "code": "49281-0013-58",
          "target": [
            {
              "code": "140",
              "equivalence": "wider"
            }
          ]
        },
        {
          "code": "49281-0013-88",
          "target": [
            {
              "code": "140",
              "equivalence": "wider"
            }
          ]
        },
        {
          "code": "49281-0392-78",
          "target": [
            {
              "code": "141",
              "equivalence": "wider"
            }
          ]
        },
        {
          "code": "49281-0113-00",
          "target": [
            {
              "code": "140",
              "equivalence": "wider"
            }
          ]
        },
        {
          "code": "49281-0820-10",
          "target": [
            {
              "code": "35",
              "equivalence": "wider"
            }
          ]
        },
        {
          "code": "49281-0800-83",
          "target": [
            {
              "code": "35",
              "equivalence": "wider"
            }
          ]
        },
        {
          "code": "49281-0400-88",
          "target": [
            {
              "code": "115",
              "equivalence": "wider"
            }
          ]
        },
        {
          "code": "49281-0286-58",
          "target": [
            {
              "code": "106",
              "equivalence": "wider"
            }
          ]
        },
        {
          "code": "49281-0286-58",
          "target": [
            {
              "code": "106",
              "equivalence": "wider"
            }
          ]
        },
        {
          "code": "49281-0286-58",
          "target": [
            {
              "code": "106",
              "equivalence": "wider"
            }
          ]
        },
        {
          "code": "58160-0815-41",
          "target": [
            {
              "code": "104",
              "equivalence": "wider"
            }
          ]
        },
        {
          "code": "58160-0815-43",
          "target": [
            {
              "code": "104",
              "equivalence": "wider"
            }
          ]
        },
        {
          "code": "58160-0815-05",
          "target": [
            {
              "code": "104",
              "equivalence": "wider"
            }
          ]
        },
        {
          "code": "58160-0815-43",
          "target": [
            {
              "code": "104",
              "equivalence": "wider"
            }
          ]
        },
        {
          "code": "58160-0815-01",
          "target": [
            {
              "code": "104",
              "equivalence": "wider"
            }
          ]
        },
        {
          "code": "66521-0114-10",
          "target": [
            {
              "code": "141",
              "equivalence": "wider"
            }
          ]
        },
        {
          "code": "76420-0482-01",
          "target": [
            {
              "code": "140",
              "equivalence": "wider"
            }
          ]
        },
        {
          "code": "19515-0895-01",
          "target": [
            {
              "code": "158",
              "equivalence": "wider"
            }
          ]
        },
        {
          "code": "00006-4999-01",
          "target": [
            {
              "code": "94",
              "equivalence": "wider"
            }
          ]
        },
        {
          "code": "49281-0545-15",
          "target": [
            {
              "code": "120",
              "equivalence": "wider"
            }
          ]
        },
        {
          "code": "51285-0174-02",
          "target": [
            {
              "code": "143",
              "equivalence": "wider"
            }
          ]
        },
        {
          "code": "49281-0248-58",
          "target": [
            {
              "code": "18",
              "equivalence": "wider"
            }
          ]
        },
        {
          "code": "49281-0487-58",
          "target": [
            {
              "code": "32",
              "equivalence": "wider"
            }
          ]
        },
        {
          "code": "49281-0915-58",
          "target": [
            {
              "code": "37",
              "equivalence": "wider"
            }
          ]
        },
        {
          "code": "49281-0547-58",
          "target": [
            {
              "code": "48",
              "equivalence": "wider"
            }
          ]
        },
        {
          "code": "58160-0851-01",
          "target": [
            {
              "code": "119",
              "equivalence": "wider"
            }
          ]
        },
        {
          "code": "49281-0915-68",
          "target": [
            {
              "code": "37",
              "equivalence": "wider"
            }
          ]
        },
        {
          "code": "49281-0488-78",
          "target": [
            {
              "code": "32",
              "equivalence": "wider"
            }
          ]
        },
        {
          "code": "46028-0219-11",
          "target": [
            {
              "code": "136",
              "equivalence": "wider"
            }
          ]
        },
        {
          "code": "51285-0175-02",
          "target": [
            {
              "code": "143",
              "equivalence": "wider"
            }
          ]
        },
        {
          "code": "49281-0560-05",
          "target": [
            {
              "code": "120",
              "equivalence": "wider"
            }
          ]
        },
        {
          "code": "49281-0400-58",
          "target": [
            {
              "code": "115",
              "equivalence": "wider"
            }
          ]
        },
        {
          "code": "49281-0400-58",
          "target": [
            {
              "code": "115",
              "equivalence": "wider"
            }
          ]
        },
        {
          "code": "42874-0013-01",
          "target": [
            {
              "code": "155",
              "equivalence": "wider"
            }
          ]
        },
        {
          "code": "66521-0116-11",
          "target": [
            {
              "code": "141",
              "equivalence": "wider"
            }
          ]
        },
        {
          "code": "66521-0116-12",
          "target": [
            {
              "code": "140",
              "equivalence": "wider"
            }
          ]
        },
        {
          "code": "00006-4045-01",
          "target": [
            {
              "code": "62",
              "equivalence": "wider"
            }
          ]
        },
        {
          "code": "00006-4045-01",
          "target": [
            {
              "code": "62",
              "equivalence": "wider"
            }
          ]
        },
        {
          "code": "00006-4995-01",
          "target": [
            {
              "code": "43",
              "equivalence": "wider"
            }
          ]
        },
        {
          "code": "00006-4995-01",
          "target": [
            {
              "code": "43",
              "equivalence": "wider"
            }
          ]
        },
        {
          "code": "00006-4841-01",
          "target": [
            {
              "code": "52",
              "equivalence": "wider"
            }
          ]
        },
        {
          "code": "00006-4841-01",
          "target": [
            {
              "code": "52",
              "equivalence": "wider"
            }
          ]
        },
        {
          "code": "58160-0804-01",
          "target": [
            {
              "code": "160",
              "equivalence": "wider"
            }
          ]
        },
        {
          "code": "58160-0802-02",
          "target": [
            {
              "code": "160",
              "equivalence": "wider"
            }
          ]
        },
        {
          "code": "58160-0901-41",
          "target": [
            {
              "code": "150",
              "equivalence": "wider"
            }
          ]
        },
        {
          "code": "00006-4837-01",
          "target": [
            {
              "code": "33",
              "equivalence": "wider"
            }
          ]
        },
        {
          "code": "19515-0891-01",
          "target": [
            {
              "code": "158",
              "equivalence": "wider"
            }
          ]
        },
        {
          "code": "19515-0893-02",
          "target": [
            {
              "code": "141",
              "equivalence": "wider"
            }
          ]
        },
        {
          "code": "19515-0894-41",
          "target": [
            {
              "code": "150",
              "equivalence": "wider"
            }
          ]
        },
        {
          "code": "49281-0514-00",
          "target": [
            {
              "code": "161",
              "equivalence": "wider"
            }
          ]
        },
        {
          "code": "49281-0394-78",
          "target": [
            {
              "code": "141",
              "equivalence": "wider"
            }
          ]
        },
        {
          "code": "49281-0014-88",
          "target": [
            {
              "code": "140",
              "equivalence": "wider"
            }
          ]
        },
        {
          "code": "49281-0414-58",
          "target": [
            {
              "code": "150",
              "equivalence": "wider"
            }
          ]
        }
      ]
    }
  ]
}