{
  "resourceType": "Condition",
  "id": "hc1",
  "meta": {
    "profile": [
      "http://hl7.org/fhir/us/core/StructureDefinition/us-core-condition"
    ]
  },
  "text": {
    "status": "generated",
    "div": "<div xmlns=\"http://www.w3.org/1999/xhtml\"><p><b>Generated Narrative with Details</b></p><p><b>id</b>: hc1</p><p><b>meta</b>: </p><p><b>clinicalStatus</b>: active</p><p><b>verificationStatus</b>: confirmed</p><p><b>category</b>: Health Concern <span style=\"background: LightGoldenRodYellow\">(Details : {http://hl7.org/fhir/us/core/CodeSystem/condition-category code 'health-concern' = 'Health Concern', given as 'Health Concern'})</span></p><p><b>code</b>: Cost of medications <span style=\"background: LightGoldenRodYellow\">(Details )</span></p><p><b>subject</b>: <a href=\"Patient-example.html\">Amy Shaw. Generated Summary: id: example; Medical Record Number = 1032702 (USUAL); active; Amy V. Shaw ; ph: 555-555-5555(HOME), amy.shaw@example.com; gender: female; birthDate: 20/02/2007</a></p><p><b>onset</b>: 14/12/2007</p></div>"
  },
  "clinicalStatus": "active",
  "verificationStatus": "confirmed",
  "category": [
    {
      "coding": [
        {
          "system": "http://hl7.org/fhir/us/core/CodeSystem/condition-category",
          "code": "health-concern",
          "display": "Health Concern"
        }
      ],
      "text": "Health Concern"
    }
  ],
  "code": {
    "text": "Cost of medications"
  },
  "subject": {
    "reference": "Patient/example",
    "display": "Amy Shaw"
  },
  "onsetDateTime": "2007-12-14"
}