{
  "resourceType": "Device",
  "id": "udi-1",
  "meta": {
    "profile": [
      "http://hl7.org/fhir/us/core/StructureDefinition/us-core-device"
    ]
  },
  "text": {
    "status": "generated",
    "div": "<div xmlns=\"http://www.w3.org/1999/xhtml\"><p><b>Generated Narrative with Details</b></p><p><b>id</b>: udi-1</p><p><b>meta</b>: </p><h3>Udis</h3><table class=\"grid\"><tr><td>-</td><td><b>CarrierHRF</b></td></tr><tr><td>*</td><td>(01)09504000059118(17)141120(10)7654321D(21)10987654d321</td></tr></table><p><b>status</b>: active</p><p><b>type</b>: Coated femoral stem prosthesis, modular <span style=\"background: LightGoldenRodYellow\">(Details : {SNOMED CT code '468063009' = 'Coated femoral stem prosthesis, modular (physical object)', given as 'Coated femoral stem prosthesis, modular'})</span></p><p><b>patient</b>: <a href=\"Patient-example.html\">Amy Shaw. Generated Summary: id: example; Medical Record Number = 1032702 (USUAL); active; Amy V. Shaw ; ph: 555-555-5555(HOME), amy.shaw@example.com; gender: female; birthDate: 20/02/2007</a></p></div>"
  },
  "udi": {
    "carrierHRF": "(01)09504000059118(17)141120(10)7654321D(21)10987654d321"
  },
  "status": "active",
  "type": {
    "coding": [
      {
        "system": "http://snomed.info/sct",
        "code": "468063009",
        "display": "Coated femoral stem prosthesis, modular"
      }
    ]
  },
  "patient": {
    "reference": "Patient/example",
    "display": "Amy Shaw"
  }
}