{
  "resourceType": "Encounter",
  "id": "1036",
  "text": {
    "status": "generated",
    "div": "<div xmlns=\"http://www.w3.org/1999/xhtml\"><p><b>Generated Narrative with Details</b></p><p><b>id</b>: 1036</p><p><b>status</b>: in-progress</p><p><b>class</b>: inpatient encounter (Details: http://hl7.org/fhir/v3/ActCode code IMP = 'inpatient encounter', stated as 'inpatient encounter')</p><p><b>subject</b>: <a href=\"Patient-example.html\">Generated Summary: id: example; Medical Record Number = 1032702 (USUAL); active; Amy V. Shaw ; ph: 555-555-5555(HOME), amy.shaw@example.com; gender: female; birthDate: 20/02/2007</a></p></div>"
  },
  "status": "in-progress",
  "class": {
    "system": "http://hl7.org/fhir/v3/ActCode",
    "code": "IMP",
    "display": "inpatient encounter"
  },
  "subject": {
    "reference": "Patient/example"
  }
}