{
  "resourceType": "Goal",
  "id": "goal-1",
  "meta": {
    "profile": [
      "http://hl7.org/fhir/us/core/StructureDefinition/us-core-goal"
    ]
  },
  "text": {
    "status": "generated",
    "div": "<div xmlns=\"http://www.w3.org/1999/xhtml\"><p><b>Generated Narrative with Details</b></p><p><b>id</b>: goal-1</p><p><b>meta</b>: </p><p><b>status</b>: in-progress</p><p><b>description</b>: Patient is targeting a pulse oximetry of 92% and a weight of 195 lbs <span style=\"background: LightGoldenRodYellow\">(Details )</span></p><p><b>subject</b>: <a href=\"Patient-example.html\">Amy Shaw. Generated Summary: id: example; Medical Record Number = 1032702 (USUAL); active; Amy V. Shaw ; ph: 555-555-5555(HOME), amy.shaw@example.com; gender: female; birthDate: 20/02/2007</a></p></div>"
  },
  "status": "in-progress",
  "description": {
    "text": "Patient is targeting a pulse oximetry of 92% and a weight of 195 lbs"
  },
  "subject": {
    "reference": "Patient/example",
    "display": "Amy Shaw"
  }
}