{
  "resourceType": "Observation",
  "id": "erythrocytes",
  "meta": {
    "versionId": "1189",
    "lastUpdated": "2016-03-09T15:29:58.419+00:00",
    "profile": [
      "http://hl7.org/fhir/us/core/StructureDefinition/us-core-observationresults"
    ]
  },
  "text": {
    "status": "generated",
    "div": "<div xmlns=\"http://www.w3.org/1999/xhtml\"><p><b>Generated Narrative with Details</b></p><p><b>id</b>: erythrocytes</p><p><b>meta</b>: </p><p><b>status</b>: final</p><p><b>category</b>: Laboratory <span style=\"background: LightGoldenRodYellow\">(Details : {http://hl7.org/fhir/observation-category code 'laboratory' = 'Laboratory', given as 'Laboratory'})</span></p><p><b>code</b>: RBC # Bld Auto <span style=\"background: LightGoldenRodYellow\">(Details : {LOINC code '789-8' = 'Erythrocytes [#/volume] in Blood by Automated count', given as 'RBC # Bld Auto'})</span></p><p><b>subject</b>: <a href=\"Patient-example.html\">Amy Shaw. Generated Summary: id: example; Medical Record Number = 1032702 (USUAL); active; Amy V. Shaw ; ph: 555-555-5555(HOME), amy.shaw@example.com; gender: female; birthDate: 20/02/2007</a></p><p><b>effective</b>: 05/07/2005</p><p><b>value</b>: 4.58 10*6/uL</p><h3>ReferenceRanges</h3><table class=\"grid\"><tr><td>-</td><td><b>Low</b></td><td><b>High</b></td><td><b>AppliesTo</b></td></tr><tr><td>*</td><td>4.1 10*6/uL<span style=\"background: LightGoldenRodYellow\"> (Details: UCUM code 10*6/uL = '10*6/uL')</span></td><td>6.1 10*6/uL<span style=\"background: LightGoldenRodYellow\"> (Details: UCUM code 10*6/uL = '10*6/uL')</span></td><td>Normal Range <span style=\"background: LightGoldenRodYellow\">(Details : {http://hl7.org/fhir/referencerange-meaning code 'normal' = 'Normal Range', given as 'Normal Range'})</span></td></tr></table></div>"
  },
  "status": "final",
  "category": [
    {
      "coding": [
        {
          "system": "http://hl7.org/fhir/observation-category",
          "code": "laboratory",
          "display": "Laboratory"
        }
      ],
      "text": "Laboratory"
    }
  ],
  "code": {
    "coding": [
      {
        "system": "http://loinc.org",
        "code": "789-8",
        "display": "RBC # Bld Auto"
      }
    ],
    "text": "RBC # Bld Auto"
  },
  "subject": {
    "reference": "Patient/example",
    "display": "Amy Shaw"
  },
  "effectiveDateTime": "2005-07-05",
  "valueQuantity": {
    "value": 4.58,
    "unit": "10*6/uL",
    "system": "http://unitsofmeasure.org"
  },
  "referenceRange": [
    {
      "low": {
        "value": 4.1,
        "unit": "10*6/uL",
        "system": "http://unitsofmeasure.org",
        "code": "10*6/uL"
      },
      "high": {
        "value": 6.1,
        "unit": "10*6/uL",
        "system": "http://unitsofmeasure.org",
        "code": "10*6/uL"
      },
      "appliesTo": [
        {
          "coding": [
            {
              "system": "http://hl7.org/fhir/referencerange-meaning",
              "code": "normal",
              "display": "Normal Range"
            }
          ],
          "text": "Normal Range"
        }
      ]
    }
  ]
}