{
  "resourceType": "Observation",
  "id": "urine-cells",
  "meta": {
    "versionId": "206624",
    "lastUpdated": "2016-04-18T04:23:12.123+00:00",
    "profile": [
      "http://hl7.org/fhir/us/core/StructureDefinition/us-core-observationresults"
    ]
  },
  "text": {
    "status": "generated",
    "div": "<div xmlns=\"http://www.w3.org/1999/xhtml\"><p><b>Generated Narrative with Details</b></p><p><b>id</b>: urine-cells</p><p><b>meta</b>: </p><p><b>status</b>: final</p><p><b>category</b>: Laboratory <span style=\"background: LightGoldenRodYellow\">(Details : {http://hl7.org/fhir/observation-category code 'laboratory' = 'Laboratory', given as 'Laboratory'})</span></p><p><b>code</b>: EPITHELIAL CELLS <span style=\"background: LightGoldenRodYellow\">(Details : {LOINC code '5787-7' = 'Epithelial cells [#/area] in Urine sediment by Microscopy high power field', given as 'Epithelial cells [#/area] in Urine sediment by Microscopy high power field'})</span></p><p><b>subject</b>: <a href=\"Patient-example.html\">Amy Shaw. Generated Summary: id: example; Medical Record Number = 1032702 (USUAL); active; Amy V. Shaw ; ph: 555-555-5555(HOME), amy.shaw@example.com; gender: female; birthDate: 20/02/2007</a></p><p><b>effective</b>: 05/07/2005</p><p><b>value</b>: 1-5 cells/HPF</p><h3>ReferenceRanges</h3><table class=\"grid\"><tr><td>-</td><td><b>Text</b></td></tr><tr><td>*</td><td>None Seen/HPF</td></tr></table></div>"
  },
  "status": "final",
  "category": [
    {
      "coding": [
        {
          "system": "http://hl7.org/fhir/observation-category",
          "code": "laboratory",
          "display": "Laboratory"
        }
      ],
      "text": "Laboratory"
    }
  ],
  "code": {
    "coding": [
      {
        "system": "http://loinc.org",
        "code": "5787-7",
        "display": "Epithelial cells [#/area] in Urine sediment by Microscopy high power field"
      }
    ],
    "text": "EPITHELIAL CELLS"
  },
  "subject": {
    "reference": "Patient/example",
    "display": "Amy Shaw"
  },
  "effectiveDateTime": "2005-07-05",
  "valueRange": {
    "low": {
      "value": 1,
      "unit": "cells/HPF",
      "system": "http://unitsofmeasure.org",
      "code": "/[HPF]"
    },
    "high": {
      "value": 5,
      "unit": "cells/HPF",
      "system": "http://unitsofmeasure.org",
      "code": "/[HPF]"
    }
  },
  "referenceRange": [
    {
      "text": "None Seen/HPF"
    }
  ]
}