{
  "resourceType": "Observation",
  "id": "urine-ph",
  "meta": {
    "versionId": "206600",
    "lastUpdated": "2016-04-18T04:12:25.425+00:00",
    "profile": [
      "http://hl7.org/fhir/us/core/StructureDefinition/us-core-observationresults"
    ]
  },
  "text": {
    "status": "generated",
    "div": "<div xmlns=\"http://www.w3.org/1999/xhtml\"><p><b>Generated Narrative with Details</b></p><p><b>id</b>: urine-ph</p><p><b>meta</b>: </p><p><b>status</b>: final</p><p><b>category</b>: Laboratory <span style=\"background: LightGoldenRodYellow\">(Details : {http://hl7.org/fhir/observation-category code 'laboratory' = 'Laboratory', given as 'Laboratory'})</span></p><p><b>code</b>: PH <span style=\"background: LightGoldenRodYellow\">(Details : {LOINC code '5803-2' = 'pH of Urine by Test strip', given as 'pH of Urine by Test strip'})</span></p><p><b>subject</b>: <a href=\"Patient-example.html\">Amy Shaw. Generated Summary: id: example; Medical Record Number = 1032702 (USUAL); active; Amy V. Shaw ; ph: 555-555-5555(HOME), amy.shaw@example.com; gender: female; birthDate: 20/02/2007</a></p><p><b>effective</b>: 05/07/2005</p><p><b>value</b>: 6.0 (pH)<span style=\"background: LightGoldenRodYellow\"> (Details: UCUM code [pH] = '[pH]')</span></p><h3>ReferenceRanges</h3><table class=\"grid\"><tr><td>-</td><td><b>Low</b></td><td><b>High</b></td></tr><tr><td>*</td><td>5.0 (pH)<span style=\"background: LightGoldenRodYellow\"> (Details: UCUM code [pH] = '[pH]')</span></td><td>8.0 (pH)<span style=\"background: LightGoldenRodYellow\"> (Details: UCUM code [pH] = '[pH]')</span></td></tr></table></div>"
  },
  "status": "final",
  "category": [
    {
      "coding": [
        {
          "system": "http://hl7.org/fhir/observation-category",
          "code": "laboratory",
          "display": "Laboratory"
        }
      ],
      "text": "Laboratory"
    }
  ],
  "code": {
    "coding": [
      {
        "system": "http://loinc.org",
        "code": "5803-2",
        "display": "pH of Urine by Test strip"
      }
    ],
    "text": "PH"
  },
  "subject": {
    "reference": "Patient/example",
    "display": "Amy Shaw"
  },
  "effectiveDateTime": "2005-07-05",
  "valueQuantity": {
    "value": 6.0,
    "unit": "(pH)",
    "system": "http://unitsofmeasure.org",
    "code": "[pH]"
  },
  "referenceRange": [
    {
      "low": {
        "value": 5.0,
        "unit": "(pH)",
        "system": "http://unitsofmeasure.org",
        "code": "[pH]"
      },
      "high": {
        "value": 8.0,
        "unit": "(pH)",
        "system": "http://unitsofmeasure.org",
        "code": "[pH]"
      }
    }
  ]
}