{
  "resourceType": "Observation",
  "id": "bp-data-absent",
  "meta": {
    "profile": [
      "http://hl7.org/fhir/StructureDefinition/vitalsigns"
    ]
  },
  "text": {
    "status": "generated",
    "div": "<div xmlns=\"http://www.w3.org/1999/xhtml\"><p><b>Generated Narrative with Details</b></p><p><b>id</b>: bp-data-absent</p><p><b>meta</b>: </p><p><b>status</b>: final</p><p><b>category</b>: Vital Signs <span style=\"background: LightGoldenRodYellow\">(Details : {http://hl7.org/fhir/observation-category code 'vital-signs' = 'Vital Signs', given as 'Vital Signs'})</span></p><p><b>code</b>: Blood pressure systolic and diastolic <span style=\"background: LightGoldenRodYellow\">(Details : {LOINC code '85354-9' = 'Blood pressure panel with all children optional', given as 'Blood pressure panel with all children optional'})</span></p><p><b>subject</b>: <a href=\"Patient-example.html\">Amy Shaw. Generated Summary: id: example; Medical Record Number = 1032702 (USUAL); active; Amy V. Shaw ; ph: 555-555-5555(HOME), amy.shaw@example.com; gender: female; birthDate: 20/02/2007</a></p><p><b>context</b>: <a href=\"Encounter-1036.html\">Generated Summary: id: 1036; status: in-progress; <span title=\"{http://hl7.org/fhir/v3/ActCode IMP}\">inpatient encounter</span>; ????</a></p><p><b>effective</b>: 02/07/1999</p><blockquote><p><b>component</b></p><p><b>code</b>: Systolic blood pressure <span style=\"background: LightGoldenRodYellow\">(Details : {LOINC code '8480-6' = 'Systolic blood pressure', given as 'Systolic blood pressure'})</span></p><p><b>value</b>: 109 mmHg<span style=\"background: LightGoldenRodYellow\"> (Details: UCUM code mm[Hg] = 'mm[Hg]')</span></p></blockquote><blockquote><p><b>component</b></p><p><b>code</b>: Diastolic blood pressure <span style=\"background: LightGoldenRodYellow\">(Details : {LOINC code '8462-4' = 'Diastolic blood pressure', given as 'Diastolic blood pressure'})</span></p><p><b>dataAbsentReason</b>: Unknown <span style=\"background: LightGoldenRodYellow\">(Details : {http://hl7.org/fhir/data-absent-reason code 'unknown' = 'Unknown', given as 'Unknown'})</span></p></blockquote></div>"
  },
  "status": "final",
  "category": [
    {
      "coding": [
        {
          "system": "http://hl7.org/fhir/observation-category",
          "code": "vital-signs",
          "display": "Vital Signs"
        }
      ],
      "text": "Vital Signs"
    }
  ],
  "code": {
    "coding": [
      {
        "system": "http://loinc.org",
        "code": "85354-9",
        "display": "Blood pressure panel with all children optional"
      }
    ],
    "text": "Blood pressure systolic and diastolic"
  },
  "subject": {
    "reference": "Patient/example",
    "display": "Amy Shaw"
  },
  "context": {
    "reference": "Encounter/1036"
  },
  "effectiveDateTime": "1999-07-02",
  "component": [
    {
      "code": {
        "coding": [
          {
            "system": "http://loinc.org",
            "code": "8480-6",
            "display": "Systolic blood pressure"
          }
        ],
        "text": "Systolic blood pressure"
      },
      "valueQuantity": {
        "value": 109,
        "unit": "mmHg",
        "system": "http://unitsofmeasure.org",
        "code": "mm[Hg]"
      }
    },
    {
      "code": {
        "coding": [
          {
            "system": "http://loinc.org",
            "code": "8462-4",
            "display": "Diastolic blood pressure"
          }
        ],
        "text": "Diastolic blood pressure"
      },
      "dataAbsentReason": {
        "coding": [
          {
            "system": "http://hl7.org/fhir/data-absent-reason",
            "code": "unknown",
            "display": "Unknown"
          }
        ],
        "text": "Unknown"
      }
    }
  ]
}