{
  "resourceType": "Observation",
  "id": "urobilinogen",
  "meta": {
    "versionId": "206612",
    "lastUpdated": "2016-04-18T04:20:46.618+00:00",
    "profile": [
      "http://hl7.org/fhir/us/core/StructureDefinition/us-core-observationresults"
    ]
  },
  "text": {
    "status": "generated",
    "div": "<div xmlns=\"http://www.w3.org/1999/xhtml\"><p><b>Generated Narrative with Details</b></p><p><b>id</b>: urobilinogen</p><p><b>meta</b>: </p><p><b>status</b>: final</p><p><b>category</b>: Laboratory <span style=\"background: LightGoldenRodYellow\">(Details : {http://hl7.org/fhir/observation-category code 'laboratory' = 'Laboratory', given as 'Laboratory'})</span></p><p><b>code</b>: UROBILINOGEN <span style=\"background: LightGoldenRodYellow\">(Details : {LOINC code '20405-7' = 'Urobilinogen [Mass/volume] in Urine by Test strip', given as 'Urobilinogen [Mass/volume] in Urine by Test strip'})</span></p><p><b>subject</b>: <a href=\"Patient-example.html\">Amy Shaw. Generated Summary: id: example; Medical Record Number = 1032702 (USUAL); active; Amy V. Shaw ; ph: 555-555-5555(HOME), amy.shaw@example.com; gender: female; birthDate: 20/02/2007</a></p><p><b>effective</b>: 05/07/2005</p><p><b>value</b>: 0.3 mg/dL<span style=\"background: LightGoldenRodYellow\"> (Details: UCUM code mg/dL = 'mg/dL')</span></p><h3>ReferenceRanges</h3><table class=\"grid\"><tr><td>-</td><td><b>Low</b></td><td><b>High</b></td></tr><tr><td>*</td><td>0.1 mg/dL<span style=\"background: LightGoldenRodYellow\"> (Details: UCUM code mg/dL = 'mg/dL')</span></td><td>1.0 mg/dL<span style=\"background: LightGoldenRodYellow\"> (Details: UCUM code mg/dL = 'mg/dL')</span></td></tr></table></div>"
  },
  "status": "final",
  "category": [
    {
      "coding": [
        {
          "system": "http://hl7.org/fhir/observation-category",
          "code": "laboratory",
          "display": "Laboratory"
        }
      ],
      "text": "Laboratory"
    }
  ],
  "code": {
    "coding": [
      {
        "system": "http://loinc.org",
        "code": "20405-7",
        "display": "Urobilinogen [Mass/volume] in Urine by Test strip"
      }
    ],
    "text": "UROBILINOGEN"
  },
  "subject": {
    "reference": "Patient/example",
    "display": "Amy Shaw"
  },
  "effectiveDateTime": "2005-07-05",
  "valueQuantity": {
    "value": 0.3,
    "unit": "mg/dL",
    "system": "http://unitsofmeasure.org",
    "code": "mg/dL"
  },
  "referenceRange": [
    {
      "low": {
        "value": 0.1,
        "unit": "mg/dL",
        "system": "http://unitsofmeasure.org",
        "code": "mg/dL"
      },
      "high": {
        "value": 1.0,
        "unit": "mg/dL",
        "system": "http://unitsofmeasure.org",
        "code": "mg/dL"
      }
    }
  ]
}