{
  "resourceType": "Observation",
  "id": "mchc",
  "meta": {
    "versionId": "879",
    "lastUpdated": "2016-03-09T15:29:57.124+00:00",
    "profile": [
      "http://hl7.org/fhir/us/core/StructureDefinition/us-core-observationresults"
    ]
  },
  "text": {
    "status": "generated",
    "div": "<div xmlns=\"http://www.w3.org/1999/xhtml\"><p><b>Generated Narrative with Details</b></p><p><b>id</b>: mchc</p><p><b>meta</b>: </p><p><b>status</b>: final</p><p><b>category</b>: Laboratory <span style=\"background: LightGoldenRodYellow\">(Details : {http://hl7.org/fhir/observation-category code 'laboratory' = 'Laboratory', given as 'Laboratory'})</span></p><p><b>code</b>: MCHC RBC Auto-mCnc <span style=\"background: LightGoldenRodYellow\">(Details : {LOINC code '786-4' = 'Erythrocyte mean corpuscular hemoglobin concentration [Mass/volume] by Automated count', given as 'MCHC RBC Auto-mCnc'})</span></p><p><b>subject</b>: <a href=\"Patient-example.html\">Amy Shaw. Generated Summary: id: example; Medical Record Number = 1032702 (USUAL); active; Amy V. Shaw ; ph: 555-555-5555(HOME), amy.shaw@example.com; gender: female; birthDate: 20/02/2007</a></p><p><b>effective</b>: 05/07/2005</p><p><b>value</b>: 34.7 g/dL</p><h3>ReferenceRanges</h3><table class=\"grid\"><tr><td>-</td><td><b>Low</b></td><td><b>High</b></td><td><b>AppliesTo</b></td></tr><tr><td>*</td><td>30.0 g/dL<span style=\"background: LightGoldenRodYellow\"> (Details: UCUM code g/dL = 'g/dL')</span></td><td>34.0 g/dL<span style=\"background: LightGoldenRodYellow\"> (Details: UCUM code g/dL = 'g/dL')</span></td><td>Normal Range <span style=\"background: LightGoldenRodYellow\">(Details : {http://hl7.org/fhir/referencerange-meaning code 'normal' = 'Normal Range', given as 'Normal Range'})</span></td></tr></table></div>"
  },
  "status": "final",
  "category": [
    {
      "coding": [
        {
          "system": "http://hl7.org/fhir/observation-category",
          "code": "laboratory",
          "display": "Laboratory"
        }
      ],
      "text": "Laboratory"
    }
  ],
  "code": {
    "coding": [
      {
        "system": "http://loinc.org",
        "code": "786-4",
        "display": "MCHC RBC Auto-mCnc"
      }
    ],
    "text": "MCHC RBC Auto-mCnc"
  },
  "subject": {
    "reference": "Patient/example",
    "display": "Amy Shaw"
  },
  "effectiveDateTime": "2005-07-05",
  "valueQuantity": {
    "value": 34.7,
    "unit": "g/dL",
    "system": "http://unitsofmeasure.org"
  },
  "referenceRange": [
    {
      "low": {
        "value": 30.0,
        "unit": "g/dL",
        "system": "http://unitsofmeasure.org",
        "code": "g/dL"
      },
      "high": {
        "value": 34.0,
        "unit": "g/dL",
        "system": "http://unitsofmeasure.org",
        "code": "g/dL"
      },
      "appliesTo": [
        {
          "coding": [
            {
              "system": "http://hl7.org/fhir/referencerange-meaning",
              "code": "normal",
              "display": "Normal Range"
            }
          ],
          "text": "Normal Range"
        }
      ]
    }
  ]
}