{
  "resourceType": "Organization",
  "id": "acme-lab",
  "meta": {
    "profile": [
      "http://hl7.org/fhir/us/core/StructureDefinition/us-core-organization"
    ]
  },
  "text": {
    "status": "generated",
    "div": "<div xmlns=\"http://www.w3.org/1999/xhtml\"><p><b>Generated Narrative with Details</b></p><p><b>id</b>: acme-lab</p><p><b>meta</b>: </p><p><b>identifier</b>: 1144221847, 2523423456</p><p><b>active</b>: true</p><p><b>type</b>: Healthcare Provider <span style=\"background: LightGoldenRodYellow\">(Details : {http://hl7.org/fhir/organization-type code 'prov' = 'Healthcare Provider', given as 'Healthcare Provider'})</span></p><p><b>name</b>: Acme Labs</p><p><b>telecom</b>: ph: (+1) 734-677-7777, hq@acme.org</p><p><b>address</b>: 3300 Washtenaw Avenue, Suite 227 Amherst MA 01002 USA </p></div>"
  },
  "identifier": [
    {
      "system": "http://hl7.org.fhir/sid/us-npi",
      "value": "1144221847"
    },
    {
      "system": "http://www.acme.org/organization",
      "value": "2523423456"
    }
  ],
  "active": true,
  "type": [
    {
      "coding": [
        {
          "system": "http://hl7.org/fhir/organization-type",
          "code": "prov",
          "display": "Healthcare Provider"
        }
      ]
    }
  ],
  "name": "Acme Labs",
  "telecom": [
    {
      "system": "phone",
      "value": "(+1) 734-677-7777"
    },
    {
      "system": "email",
      "value": "hq@acme.org"
    }
  ],
  "address": [
    {
      "line": [
        "3300 Washtenaw Avenue, Suite 227"
      ],
      "city": "Amherst",
      "state": "MA",
      "postalCode": "01002",
      "country": "USA"
    }
  ]
}