{
  "resourceType": "SearchParameter",
  "id": "us-core-race",
  "text": {
    "status": "generated",
    "div": "<div xmlns=\"http://www.w3.org/1999/xhtml\"><p><b>Generated Narrative with Details</b></p><p><b>id</b>: us-core-race</p><p><b>url</b>: <a href=\"http://hl7.org/fhir/us/core/SearchParameter/us-core-race\">http://hl7.org/fhir/us/core/SearchParameter/us-core-race</a></p><p><b>name</b>: USCoreRace</p><p><b>status</b>: draft</p><p><b>date</b>: 22/12/2016</p><p><b>publisher</b>: US Realm Steering Committee</p><p><b>contact</b>: </p><p><b>code</b>: race</p><p><b>base</b>: Patient</p><p><b>type</b>: token</p><p><b>description</b>: Returns patients with a race extension matching the specified code.</p><p><b>expression</b>: Patient.extension.where(url = 'http://hl7.org/fhir/us/core/StructureDefinition/us-core-race').extension.value.code</p><p><b>xpath</b>: f:Patient/f:extension[@url='http://hl7.org/fhir/us/core/StructureDefinition/us-core-race']/f:extension/f:valueCoding/f:code/@value</p><p><b>xpathUsage</b>: normal</p></div>"
  },
  "url": "http://hl7.org/fhir/us/core/SearchParameter/us-core-race",
  "name": "USCoreRace",
  "status": "draft",
  "date": "2016-12-22",
  "publisher": "US Realm Steering Committee",
  "contact": [
    {
      "telecom": [
        {
          "system": "other",
          "value": "http://www.healthit.gov/"
        }
      ]
    }
  ],
  "code": "race",
  "base": [
    "Patient"
  ],
  "type": "token",
  "description": "Returns patients with a race extension matching the specified code.",
  "expression": "Patient.extension.where(url = 'http://hl7.org/fhir/us/core/StructureDefinition/us-core-race').extension.value.code",
  "xpath": "f:Patient/f:extension[@url='http://hl7.org/fhir/us/core/StructureDefinition/us-core-race']/f:extension/f:valueCoding/f:code/@value",
  "xpathUsage": "normal"
}