{
  "$schema": "http://json-schema.org/draft-04/schema#",
  "id": "http://hl7.org/fhir/json-schema/CommunicationRequest",
  "$ref": "#/definitions/CommunicationRequest",
  "description": "see http://hl7.org/fhir/json.html#schema for information about the FHIR Json Schemas",
  "definitions": {
    "CommunicationRequest": {
      "allOf": [
        {
          "$ref": "DomainResource#/definitions/DomainResource"
        },
        {
          "description": "A request to convey information; e.g. the CDS system proposes that an alert be sent to a responsible provider, the CDS system proposes that the public health agency be notified about a reportable condition.",
          "properties": {
            "resourceType": {
              "description": "This is a CommunicationRequest resource",
              "type": "string",
              "enum": [
                "CommunicationRequest"
              ]
            },
            "identifier": {
              "description": "A unique ID of this request for reference purposes. It must be provided if user wants it returned as part of any output, otherwise it will be autogenerated, if needed, by CDS system. Does not need to be the actual ID of the source system.",
              "type": "array",
              "items": {
                "$ref": "Identifier.schema.json#/definitions/Identifier"
              }
            },
            "basedOn": {
              "description": "A plan or proposal that is fulfilled in whole or in part by this request.",
              "type": "array",
              "items": {
                "$ref": "Reference.schema.json#/definitions/Reference"
              }
            },
            "replaces": {
              "description": "Completed or terminated request(s) whose function is taken by this new request.",
              "type": "array",
              "items": {
                "$ref": "Reference.schema.json#/definitions/Reference"
              }
            },
            "groupIdentifier": {
              "description": "A shared identifier common to all requests that were authorized more or less simultaneously by a single author, representing the identifier of the requisition, prescription or similar form.",
              "$ref": "Identifier.schema.json#/definitions/Identifier"
            },
            "status": {
              "description": "The status of the proposal or order.",
              "type": "string",
              "pattern": "[^\\s]+([\\s]?[^\\s]+)*"
            },
            "_status": {
              "description": "Extensions for status",
              "$ref": "Element.schema.json#/definitions/Element"
            },
            "category": {
              "description": "The type of message to be sent such as alert, notification, reminder, instruction, etc.",
              "type": "array",
              "items": {
                "$ref": "CodeableConcept.schema.json#/definitions/CodeableConcept"
              }
            },
            "priority": {
              "description": "Characterizes how quickly the proposed act must be initiated. Includes concepts such as stat, urgent, routine.",
              "type": "string",
              "pattern": "[^\\s]+([\\s]?[^\\s]+)*"
            },
            "_priority": {
              "description": "Extensions for priority",
              "$ref": "Element.schema.json#/definitions/Element"
            },
            "medium": {
              "description": "A channel that was used for this communication (e.g. email, fax).",
              "type": "array",
              "items": {
                "$ref": "CodeableConcept.schema.json#/definitions/CodeableConcept"
              }
            },
            "subject": {
              "description": "The patient or group that is the focus of this communication request.",
              "$ref": "Reference.schema.json#/definitions/Reference"
            },
            "recipient": {
              "description": "The entity (e.g. person, organization, clinical information system, device, group, or care team) which is the intended target of the communication.",
              "type": "array",
              "items": {
                "$ref": "Reference.schema.json#/definitions/Reference"
              }
            },
            "topic": {
              "description": "The resources which were related to producing this communication request.",
              "type": "array",
              "items": {
                "$ref": "Reference.schema.json#/definitions/Reference"
              }
            },
            "context": {
              "description": "The encounter or episode of care within which the communication request was created.",
              "$ref": "Reference.schema.json#/definitions/Reference"
            },
            "payload": {
              "description": "Text, attachment(s), or resource(s) to be communicated to the recipient.",
              "type": "array",
              "items": {
                "$ref": "#/definitions/CommunicationRequest_Payload"
              }
            },
            "occurrenceDateTime": {
              "description": "The time when this communication is to occur.",
              "pattern": "-?[0-9]{4}(-(0[1-9]|1[0-2])(-(0[0-9]|[1-2][0-9]|3[0-1])(T([01][0-9]|2[0-3]):[0-5][0-9]:[0-5][0-9](\\.[0-9]+)?(Z|(\\+|-)((0[0-9]|1[0-3]):[0-5][0-9]|14:00)))?)?)?",
              "type": "string"
            },
            "_occurrenceDateTime": {
              "description": "Extensions for occurrenceDateTime",
              "$ref": "Element.schema.json#/definitions/Element"
            },
            "occurrencePeriod": {
              "description": "The time when this communication is to occur.",
              "$ref": "Period.schema.json#/definitions/Period"
            },
            "authoredOn": {
              "description": "For draft requests, indicates the date of initial creation.  For requests with other statuses, indicates the date of activation.",
              "type": "string",
              "pattern": "-?[0-9]{4}(-(0[1-9]|1[0-2])(-(0[0-9]|[1-2][0-9]|3[0-1])(T([01][0-9]|2[0-3]):[0-5][0-9]:[0-5][0-9](\\.[0-9]+)?(Z|(\\+|-)((0[0-9]|1[0-3]):[0-5][0-9]|14:00)))?)?)?"
            },
            "_authoredOn": {
              "description": "Extensions for authoredOn",
              "$ref": "Element.schema.json#/definitions/Element"
            },
            "sender": {
              "description": "The entity (e.g. person, organization, clinical information system, or device) which is to be the source of the communication.",
              "$ref": "Reference.schema.json#/definitions/Reference"
            },
            "requester": {
              "description": "The individual who initiated the request and has responsibility for its activation.",
              "$ref": "#/definitions/CommunicationRequest_Requester"
            },
            "reasonCode": {
              "description": "Describes why the request is being made in coded or textual form.",
              "type": "array",
              "items": {
                "$ref": "CodeableConcept.schema.json#/definitions/CodeableConcept"
              }
            },
            "reasonReference": {
              "description": "Indicates another resource whose existence justifies this request.",
              "type": "array",
              "items": {
                "$ref": "Reference.schema.json#/definitions/Reference"
              }
            },
            "note": {
              "description": "Comments made about the request by the requester, sender, recipient, subject or other participants.",
              "type": "array",
              "items": {
                "$ref": "Annotation.schema.json#/definitions/Annotation"
              }
            }
          },
          "required": [
            "resourceType"
          ]
        }
      ]
    },
    "CommunicationRequest_Payload": {
      "allOf": [
        {
          "$ref": "BackboneElement#/definitions/BackboneElement"
        },
        {
          "description": "A request to convey information; e.g. the CDS system proposes that an alert be sent to a responsible provider, the CDS system proposes that the public health agency be notified about a reportable condition.",
          "properties": {
            "contentString": {
              "description": "The communicated content (or for multi-part communications, one portion of the communication).",
              "type": "string"
            },
            "_contentString": {
              "description": "Extensions for contentString",
              "$ref": "Element.schema.json#/definitions/Element"
            },
            "contentAttachment": {
              "description": "The communicated content (or for multi-part communications, one portion of the communication).",
              "$ref": "Attachment.schema.json#/definitions/Attachment"
            },
            "contentReference": {
              "description": "The communicated content (or for multi-part communications, one portion of the communication).",
              "$ref": "Reference.schema.json#/definitions/Reference"
            }
          }
        }
      ]
    },
    "CommunicationRequest_Requester": {
      "allOf": [
        {
          "$ref": "BackboneElement#/definitions/BackboneElement"
        },
        {
          "description": "A request to convey information; e.g. the CDS system proposes that an alert be sent to a responsible provider, the CDS system proposes that the public health agency be notified about a reportable condition.",
          "properties": {
            "agent": {
              "description": "The device, practitioner, etc. who initiated the request.",
              "$ref": "Reference.schema.json#/definitions/Reference"
            },
            "onBehalfOf": {
              "description": "The organization the device or practitioner was acting on behalf of.",
              "$ref": "Reference.schema.json#/definitions/Reference"
            }
          },
          "required": [
            "agent"
          ]
        }
      ]
    }
  }
}