{
  "$schema": "http://json-schema.org/draft-04/schema#",
  "id": "http://hl7.org/fhir/json-schema/DomainResource",
  "$ref": "#/definitions/DomainResource",
  "description": "see http://hl7.org/fhir/json.html#schema for information about the FHIR Json Schemas",
  "definitions": {
    "DomainResource": {
      "allOf": [
        {
          "$ref": "Resource#/definitions/Resource"
        },
        {
          "description": "A resource that includes narrative, extensions, and contained resources.",
          "properties": {
            "text": {
              "description": "A human-readable narrative that contains a summary of the resource, and may be used to represent the content of the resource to a human. The narrative need not encode all the structured data, but is required to contain sufficient detail to make it \"clinically safe\" for a human to just read the narrative. Resource definitions may define what content should be represented in the narrative to ensure clinical safety.",
              "$ref": "Narrative.schema.json#/definitions/Narrative"
            },
            "contained": {
              "description": "These resources do not have an independent existence apart from the resource that contains them - they cannot be identified independently, and nor can they have their own independent transaction scope.",
              "type": "array",
              "items": {
                "$ref": "ResourceList.schema.json#/definitions/ResourceList"
              }
            },
            "extension": {
              "description": "May be used to represent additional information that is not part of the basic definition of the resource. In order to make the use of extensions safe and manageable, there is a strict set of governance  applied to the definition and use of extensions. Though any implementer is allowed to define an extension, there is a set of requirements that SHALL be met as part of the definition of the extension.",
              "type": "array",
              "items": {
                "$ref": "Extension.schema.json#/definitions/Extension"
              }
            },
            "modifierExtension": {
              "description": "May be used to represent additional information that is not part of the basic definition of the resource, and that modifies the understanding of the element that contains it. Usually modifier elements provide negation or qualification. In order to make the use of extensions safe and manageable, there is a strict set of governance applied to the definition and use of extensions. Though any implementer is allowed to define an extension, there is a set of requirements that SHALL be met as part of the definition of the extension. Applications processing a resource are required to check for modifier extensions.",
              "type": "array",
              "items": {
                "$ref": "Extension.schema.json#/definitions/Extension"
              }
            }
          }
        }
      ]
    }
  }
}