{
  "$schema": "http://json-schema.org/draft-04/schema#",
  "id": "http://hl7.org/fhir/json-schema/Element",
  "$ref": "#/definitions/Element",
  "description": "see http://hl7.org/fhir/json.html#schema for information about the FHIR Json Schemas",
  "definitions": {
    "Element": {
      "allOf": [
        {
          "description": "Base definition for all elements in a resource.",
          "properties": {
            "id": {
              "description": "unique id for the element within a resource (for internal references). This may be any string value that does not contain spaces.",
              "type": "string"
            },
            "_id": {
              "description": "Extensions for id",
              "$ref": "Element.schema.json#/definitions/Element"
            },
            "extension": {
              "description": "May be used to represent additional information that is not part of the basic definition of the element. In order to make the use of extensions safe and manageable, there is a strict set of governance  applied to the definition and use of extensions. Though any implementer is allowed to define an extension, there is a set of requirements that SHALL be met as part of the definition of the extension.",
              "type": "array",
              "items": {
                "$ref": "Extension.schema.json#/definitions/Extension"
              }
            }
          }
        }
      ]
    }
  }
}