{
  "$schema": "http://json-schema.org/draft-04/schema#",
  "id": "http://hl7.org/fhir/json-schema/ExpansionProfile",
  "$ref": "#/definitions/ExpansionProfile",
  "description": "see http://hl7.org/fhir/json.html#schema for information about the FHIR Json Schemas",
  "definitions": {
    "ExpansionProfile": {
      "allOf": [
        {
          "$ref": "DomainResource#/definitions/DomainResource"
        },
        {
          "description": "Resource to define constraints on the Expansion of a FHIR ValueSet.",
          "properties": {
            "resourceType": {
              "description": "This is a ExpansionProfile resource",
              "type": "string",
              "enum": [
                "ExpansionProfile"
              ]
            },
            "url": {
              "description": "An absolute URI that is used to identify this expansion profile when it is referenced in a specification, model, design or an instance. This SHALL be a URL, SHOULD be globally unique, and SHOULD be an address at which this expansion profile is (or will be) published. The URL SHOULD include the major version of the expansion profile. For more information see [Technical and Business Versions](resource.html#versions).",
              "type": "string"
            },
            "_url": {
              "description": "Extensions for url",
              "$ref": "Element.schema.json#/definitions/Element"
            },
            "identifier": {
              "description": "A formal identifier that is used to identify this expansion profile when it is represented in other formats, or referenced in a specification, model, design or an instance.",
              "$ref": "Identifier.schema.json#/definitions/Identifier"
            },
            "version": {
              "description": "The identifier that is used to identify this version of the expansion profile when it is referenced in a specification, model, design or instance. This is an arbitrary value managed by the expansion profile author and is not expected to be globally unique. For example, it might be a timestamp (e.g. yyyymmdd) if a managed version is not available. There is also no expectation that versions can be placed in a lexicographical sequence.",
              "type": "string"
            },
            "_version": {
              "description": "Extensions for version",
              "$ref": "Element.schema.json#/definitions/Element"
            },
            "name": {
              "description": "A natural language name identifying the expansion profile. This name should be usable as an identifier for the module by machine processing applications such as code generation.",
              "type": "string"
            },
            "_name": {
              "description": "Extensions for name",
              "$ref": "Element.schema.json#/definitions/Element"
            },
            "status": {
              "description": "The status of this expansion profile. Enables tracking the life-cycle of the content.",
              "enum": [
                "draft",
                "active",
                "retired",
                "unknown"
              ],
              "type": "string"
            },
            "_status": {
              "description": "Extensions for status",
              "$ref": "Element.schema.json#/definitions/Element"
            },
            "experimental": {
              "description": "A boolean value to indicate that this expansion profile is authored for testing purposes (or education/evaluation/marketing), and is not intended to be used for genuine usage.",
              "type": "boolean"
            },
            "_experimental": {
              "description": "Extensions for experimental",
              "$ref": "Element.schema.json#/definitions/Element"
            },
            "date": {
              "description": "The date  (and optionally time) when the expansion profile was published. The date must change if and when the business version changes and it must change if the status code changes. In addition, it should change when the substantive content of the expansion profile changes.",
              "type": "string",
              "pattern": "-?[0-9]{4}(-(0[1-9]|1[0-2])(-(0[0-9]|[1-2][0-9]|3[0-1])(T([01][0-9]|2[0-3]):[0-5][0-9]:[0-5][0-9](\\.[0-9]+)?(Z|(\\+|-)((0[0-9]|1[0-3]):[0-5][0-9]|14:00)))?)?)?"
            },
            "_date": {
              "description": "Extensions for date",
              "$ref": "Element.schema.json#/definitions/Element"
            },
            "publisher": {
              "description": "The name of the individual or organization that published the expansion profile.",
              "type": "string"
            },
            "_publisher": {
              "description": "Extensions for publisher",
              "$ref": "Element.schema.json#/definitions/Element"
            },
            "contact": {
              "description": "Contact details to assist a user in finding and communicating with the publisher.",
              "type": "array",
              "items": {
                "$ref": "ContactDetail.schema.json#/definitions/ContactDetail"
              }
            },
            "description": {
              "description": "A free text natural language description of the expansion profile from a consumer\u0027s perspective.",
              "type": "string"
            },
            "_description": {
              "description": "Extensions for description",
              "$ref": "Element.schema.json#/definitions/Element"
            },
            "useContext": {
              "description": "The content was developed with a focus and intent of supporting the contexts that are listed. These terms may be used to assist with indexing and searching for appropriate expansion profile instances.",
              "type": "array",
              "items": {
                "$ref": "UsageContext.schema.json#/definitions/UsageContext"
              }
            },
            "jurisdiction": {
              "description": "A legal or geographic region in which the expansion profile is intended to be used.",
              "type": "array",
              "items": {
                "$ref": "CodeableConcept.schema.json#/definitions/CodeableConcept"
              }
            },
            "fixedVersion": {
              "description": "Fix use of a particular code system to a particular version.",
              "type": "array",
              "items": {
                "$ref": "#/definitions/ExpansionProfile_FixedVersion"
              }
            },
            "excludedSystem": {
              "description": "Code system, or a particular version of a code system to be excluded from value set expansions.",
              "$ref": "#/definitions/ExpansionProfile_ExcludedSystem"
            },
            "includeDesignations": {
              "description": "Controls whether concept designations are to be included or excluded in value set expansions.",
              "type": "boolean"
            },
            "_includeDesignations": {
              "description": "Extensions for includeDesignations",
              "$ref": "Element.schema.json#/definitions/Element"
            },
            "designation": {
              "description": "A set of criteria that provide the constraints imposed on the value set expansion by including or excluding designations.",
              "$ref": "#/definitions/ExpansionProfile_Designation"
            },
            "includeDefinition": {
              "description": "Controls whether the value set definition is included or excluded in value set expansions.",
              "type": "boolean"
            },
            "_includeDefinition": {
              "description": "Extensions for includeDefinition",
              "$ref": "Element.schema.json#/definitions/Element"
            },
            "activeOnly": {
              "description": "Controls whether inactive concepts are included or excluded in value set expansions.",
              "type": "boolean"
            },
            "_activeOnly": {
              "description": "Extensions for activeOnly",
              "$ref": "Element.schema.json#/definitions/Element"
            },
            "excludeNested": {
              "description": "Controls whether or not the value set expansion nests codes or not (i.e. ValueSet.expansion.contains.contains).",
              "type": "boolean"
            },
            "_excludeNested": {
              "description": "Extensions for excludeNested",
              "$ref": "Element.schema.json#/definitions/Element"
            },
            "excludeNotForUI": {
              "description": "Controls whether or not the value set expansion includes codes which cannot be displayed in user interfaces.",
              "type": "boolean"
            },
            "_excludeNotForUI": {
              "description": "Extensions for excludeNotForUI",
              "$ref": "Element.schema.json#/definitions/Element"
            },
            "excludePostCoordinated": {
              "description": "Controls whether or not the value set expansion includes post coordinated codes.",
              "type": "boolean"
            },
            "_excludePostCoordinated": {
              "description": "Extensions for excludePostCoordinated",
              "$ref": "Element.schema.json#/definitions/Element"
            },
            "displayLanguage": {
              "description": "Specifies the language to be used for description in the expansions i.e. the language to be used for ValueSet.expansion.contains.display.",
              "type": "string",
              "pattern": "[^\\s]+([\\s]?[^\\s]+)*"
            },
            "_displayLanguage": {
              "description": "Extensions for displayLanguage",
              "$ref": "Element.schema.json#/definitions/Element"
            },
            "limitedExpansion": {
              "description": "If the value set being expanded is incomplete (because it is too big to expand), return a limited expansion (a subset) with an indicator that expansion is incomplete, using the extension [http://hl7.org/fhir/StructureDefinition/valueset-toocostly](extension-valueset-toocostly.html).",
              "type": "boolean"
            },
            "_limitedExpansion": {
              "description": "Extensions for limitedExpansion",
              "$ref": "Element.schema.json#/definitions/Element"
            }
          },
          "required": [
            "resourceType"
          ]
        }
      ]
    },
    "ExpansionProfile_FixedVersion": {
      "allOf": [
        {
          "$ref": "BackboneElement#/definitions/BackboneElement"
        },
        {
          "description": "Resource to define constraints on the Expansion of a FHIR ValueSet.",
          "properties": {
            "system": {
              "description": "The specific system for which to fix the version.",
              "type": "string"
            },
            "_system": {
              "description": "Extensions for system",
              "$ref": "Element.schema.json#/definitions/Element"
            },
            "version": {
              "description": "The version of the code system from which codes in the expansion should be included.",
              "type": "string"
            },
            "_version": {
              "description": "Extensions for version",
              "$ref": "Element.schema.json#/definitions/Element"
            },
            "mode": {
              "description": "How to manage the intersection between a fixed version in a value set, and this fixed version of the system in the expansion profile.",
              "enum": [
                "default",
                "check",
                "override"
              ],
              "type": "string"
            },
            "_mode": {
              "description": "Extensions for mode",
              "$ref": "Element.schema.json#/definitions/Element"
            }
          }
        }
      ]
    },
    "ExpansionProfile_ExcludedSystem": {
      "allOf": [
        {
          "$ref": "BackboneElement#/definitions/BackboneElement"
        },
        {
          "description": "Resource to define constraints on the Expansion of a FHIR ValueSet.",
          "properties": {
            "system": {
              "description": "An absolute URI which is the code system to be excluded.",
              "type": "string"
            },
            "_system": {
              "description": "Extensions for system",
              "$ref": "Element.schema.json#/definitions/Element"
            },
            "version": {
              "description": "The version of the code system from which codes in the expansion should be excluded.",
              "type": "string"
            },
            "_version": {
              "description": "Extensions for version",
              "$ref": "Element.schema.json#/definitions/Element"
            }
          }
        }
      ]
    },
    "ExpansionProfile_Designation": {
      "allOf": [
        {
          "$ref": "BackboneElement#/definitions/BackboneElement"
        },
        {
          "description": "Resource to define constraints on the Expansion of a FHIR ValueSet.",
          "properties": {
            "include": {
              "description": "Designations to be included.",
              "$ref": "#/definitions/ExpansionProfile_Include"
            },
            "exclude": {
              "description": "Designations to be excluded.",
              "$ref": "#/definitions/ExpansionProfile_Exclude"
            }
          }
        }
      ]
    },
    "ExpansionProfile_Include": {
      "allOf": [
        {
          "$ref": "BackboneElement#/definitions/BackboneElement"
        },
        {
          "description": "Resource to define constraints on the Expansion of a FHIR ValueSet.",
          "properties": {
            "designation": {
              "description": "A data group for each designation to be included.",
              "type": "array",
              "items": {
                "$ref": "#/definitions/ExpansionProfile_Designation1"
              }
            }
          }
        }
      ]
    },
    "ExpansionProfile_Designation1": {
      "allOf": [
        {
          "$ref": "BackboneElement#/definitions/BackboneElement"
        },
        {
          "description": "Resource to define constraints on the Expansion of a FHIR ValueSet.",
          "properties": {
            "language": {
              "description": "The language this designation is defined for.",
              "type": "string",
              "pattern": "[^\\s]+([\\s]?[^\\s]+)*"
            },
            "_language": {
              "description": "Extensions for language",
              "$ref": "Element.schema.json#/definitions/Element"
            },
            "use": {
              "description": "Which kinds of designation to include in the expansion.",
              "$ref": "Coding.schema.json#/definitions/Coding"
            }
          }
        }
      ]
    },
    "ExpansionProfile_Exclude": {
      "allOf": [
        {
          "$ref": "BackboneElement#/definitions/BackboneElement"
        },
        {
          "description": "Resource to define constraints on the Expansion of a FHIR ValueSet.",
          "properties": {
            "designation": {
              "description": "A data group for each designation to be excluded.",
              "type": "array",
              "items": {
                "$ref": "#/definitions/ExpansionProfile_Designation2"
              }
            }
          }
        }
      ]
    },
    "ExpansionProfile_Designation2": {
      "allOf": [
        {
          "$ref": "BackboneElement#/definitions/BackboneElement"
        },
        {
          "description": "Resource to define constraints on the Expansion of a FHIR ValueSet.",
          "properties": {
            "language": {
              "description": "The language this designation is defined for.",
              "type": "string",
              "pattern": "[^\\s]+([\\s]?[^\\s]+)*"
            },
            "_language": {
              "description": "Extensions for language",
              "$ref": "Element.schema.json#/definitions/Element"
            },
            "use": {
              "description": "Which kinds of designation to exclude from the expansion.",
              "$ref": "Coding.schema.json#/definitions/Coding"
            }
          }
        }
      ]
    }
  }
}