{
  "$schema": "http://json-schema.org/draft-04/schema#",
  "id": "http://hl7.org/fhir/json-schema/GuidanceResponse",
  "$ref": "#/definitions/GuidanceResponse",
  "description": "see http://hl7.org/fhir/json.html#schema for information about the FHIR Json Schemas",
  "definitions": {
    "GuidanceResponse": {
      "allOf": [
        {
          "$ref": "DomainResource#/definitions/DomainResource"
        },
        {
          "description": "A guidance response is the formal response to a guidance request, including any output parameters returned by the evaluation, as well as the description of any proposed actions to be taken.",
          "properties": {
            "resourceType": {
              "description": "This is a GuidanceResponse resource",
              "type": "string",
              "enum": [
                "GuidanceResponse"
              ]
            },
            "requestId": {
              "description": "The id of the request associated with this response. If an id was given as part of the request, it will be reproduced here to enable the requester to more easily identify the response in a multi-request scenario.",
              "type": "string",
              "pattern": "[A-Za-z0-9\\-\\.]{1,64}"
            },
            "_requestId": {
              "description": "Extensions for requestId",
              "$ref": "Element.schema.json#/definitions/Element"
            },
            "identifier": {
              "description": "Allows a service to provide a unique, business identifier for the response.",
              "$ref": "Identifier.schema.json#/definitions/Identifier"
            },
            "module": {
              "description": "A reference to the knowledge module that was invoked.",
              "$ref": "Reference.schema.json#/definitions/Reference"
            },
            "status": {
              "description": "The status of the response. If the evaluation is completed successfully, the status will indicate success. However, in order to complete the evaluation, the engine may require more information. In this case, the status will be data-required, and the response will contain a description of the additional required information. If the evaluation completed successfully, but the engine determines that a potentially more accurate response could be provided if more data was available, the status will be data-requested, and the response will contain a description of the additional requested information.",
              "enum": [
                "success",
                "data-requested",
                "data-required",
                "in-progress",
                "failure",
                "entered-in-error"
              ],
              "type": "string"
            },
            "_status": {
              "description": "Extensions for status",
              "$ref": "Element.schema.json#/definitions/Element"
            },
            "subject": {
              "description": "The patient for which the request was processed.",
              "$ref": "Reference.schema.json#/definitions/Reference"
            },
            "context": {
              "description": "Allows the context of the guidance response to be provided if available. In a service context, this would likely be unavailable.",
              "$ref": "Reference.schema.json#/definitions/Reference"
            },
            "occurrenceDateTime": {
              "description": "Indicates when the guidance response was processed.",
              "type": "string",
              "pattern": "-?[0-9]{4}(-(0[1-9]|1[0-2])(-(0[0-9]|[1-2][0-9]|3[0-1])(T([01][0-9]|2[0-3]):[0-5][0-9]:[0-5][0-9](\\.[0-9]+)?(Z|(\\+|-)((0[0-9]|1[0-3]):[0-5][0-9]|14:00)))?)?)?"
            },
            "_occurrenceDateTime": {
              "description": "Extensions for occurrenceDateTime",
              "$ref": "Element.schema.json#/definitions/Element"
            },
            "performer": {
              "description": "Provides a reference to the device that performed the guidance.",
              "$ref": "Reference.schema.json#/definitions/Reference"
            },
            "reasonCodeableConcept": {
              "description": "Indicates the reason the request was initiated. This is typically provided as a parameter to the evaluation and echoed by the service, although for some use cases, such as subscription- or event-based scenarios, it may provide an indication of the cause for the response.",
              "$ref": "CodeableConcept.schema.json#/definitions/CodeableConcept"
            },
            "reasonReference": {
              "description": "Indicates the reason the request was initiated. This is typically provided as a parameter to the evaluation and echoed by the service, although for some use cases, such as subscription- or event-based scenarios, it may provide an indication of the cause for the response.",
              "$ref": "Reference.schema.json#/definitions/Reference"
            },
            "note": {
              "description": "Provides a mechanism to communicate additional information about the response.",
              "type": "array",
              "items": {
                "$ref": "Annotation.schema.json#/definitions/Annotation"
              }
            },
            "evaluationMessage": {
              "description": "Messages resulting from the evaluation of the artifact or artifacts. As part of evaluating the request, the engine may produce informational or warning messages. These messages will be provided by this element.",
              "type": "array",
              "items": {
                "$ref": "Reference.schema.json#/definitions/Reference"
              }
            },
            "outputParameters": {
              "description": "The output parameters of the evaluation, if any. Many modules will result in the return of specific resources such as procedure or communication requests that are returned as part of the operation result. However, modules may define specific outputs that would be returned as the result of the evaluation, and these would be returned in this element.",
              "$ref": "Reference.schema.json#/definitions/Reference"
            },
            "result": {
              "description": "The actions, if any, produced by the evaluation of the artifact.",
              "$ref": "Reference.schema.json#/definitions/Reference"
            },
            "dataRequirement": {
              "description": "If the evaluation could not be completed due to lack of information, or additional information would potentially result in a more accurate response, this element will a description of the data required in order to proceed with the evaluation. A subsequent request to the service should include this data.",
              "type": "array",
              "items": {
                "$ref": "DataRequirement.schema.json#/definitions/DataRequirement"
              }
            }
          },
          "required": [
            "module",
            "resourceType"
          ]
        }
      ]
    }
  }
}