{
  "$schema": "http://json-schema.org/draft-04/schema#",
  "id": "http://hl7.org/fhir/json-schema/Observation",
  "$ref": "#/definitions/Observation",
  "description": "see http://hl7.org/fhir/json.html#schema for information about the FHIR Json Schemas",
  "definitions": {
    "Observation": {
      "allOf": [
        {
          "$ref": "DomainResource#/definitions/DomainResource"
        },
        {
          "description": "Measurements and simple assertions made about a patient, device or other subject.",
          "properties": {
            "resourceType": {
              "description": "This is a Observation resource",
              "type": "string",
              "enum": [
                "Observation"
              ]
            },
            "identifier": {
              "description": "A unique identifier assigned to this observation.",
              "type": "array",
              "items": {
                "$ref": "Identifier.schema.json#/definitions/Identifier"
              }
            },
            "basedOn": {
              "description": "A plan, proposal or order that is fulfilled in whole or in part by this event.",
              "type": "array",
              "items": {
                "$ref": "Reference.schema.json#/definitions/Reference"
              }
            },
            "status": {
              "description": "The status of the result value.",
              "enum": [
                "registered",
                "preliminary",
                "final",
                "amended",
                "corrected",
                "cancelled",
                "entered-in-error",
                "unknown"
              ],
              "type": "string"
            },
            "_status": {
              "description": "Extensions for status",
              "$ref": "Element.schema.json#/definitions/Element"
            },
            "category": {
              "description": "A code that classifies the general type of observation being made.",
              "type": "array",
              "items": {
                "$ref": "CodeableConcept.schema.json#/definitions/CodeableConcept"
              }
            },
            "code": {
              "description": "Describes what was observed. Sometimes this is called the observation \"name\".",
              "$ref": "CodeableConcept.schema.json#/definitions/CodeableConcept"
            },
            "subject": {
              "description": "The patient, or group of patients, location, or device whose characteristics (direct or indirect) are described by the observation and into whose record the observation is placed.  Comments: Indirect characteristics may be those of a specimen, fetus, donor,  other observer (for example a relative or EMT), or any observation made about the subject.",
              "$ref": "Reference.schema.json#/definitions/Reference"
            },
            "context": {
              "description": "The healthcare event  (e.g. a patient and healthcare provider interaction) during which this observation is made.",
              "$ref": "Reference.schema.json#/definitions/Reference"
            },
            "effectiveDateTime": {
              "description": "The time or time-period the observed value is asserted as being true. For biological subjects - e.g. human patients - this is usually called the \"physiologically relevant time\". This is usually either the time of the procedure or of specimen collection, but very often the source of the date/time is not known, only the date/time itself.",
              "pattern": "-?[0-9]{4}(-(0[1-9]|1[0-2])(-(0[0-9]|[1-2][0-9]|3[0-1])(T([01][0-9]|2[0-3]):[0-5][0-9]:[0-5][0-9](\\.[0-9]+)?(Z|(\\+|-)((0[0-9]|1[0-3]):[0-5][0-9]|14:00)))?)?)?",
              "type": "string"
            },
            "_effectiveDateTime": {
              "description": "Extensions for effectiveDateTime",
              "$ref": "Element.schema.json#/definitions/Element"
            },
            "effectivePeriod": {
              "description": "The time or time-period the observed value is asserted as being true. For biological subjects - e.g. human patients - this is usually called the \"physiologically relevant time\". This is usually either the time of the procedure or of specimen collection, but very often the source of the date/time is not known, only the date/time itself.",
              "$ref": "Period.schema.json#/definitions/Period"
            },
            "issued": {
              "description": "The date and time this observation was made available to providers, typically after the results have been reviewed and verified.",
              "type": "string"
            },
            "_issued": {
              "description": "Extensions for issued",
              "$ref": "Element.schema.json#/definitions/Element"
            },
            "performer": {
              "description": "Who was responsible for asserting the observed value as \"true\".",
              "type": "array",
              "items": {
                "$ref": "Reference.schema.json#/definitions/Reference"
              }
            },
            "valueQuantity": {
              "description": "The information determined as a result of making the observation, if the information has a simple value.",
              "$ref": "Quantity.schema.json#/definitions/Quantity"
            },
            "valueCodeableConcept": {
              "description": "The information determined as a result of making the observation, if the information has a simple value.",
              "$ref": "CodeableConcept.schema.json#/definitions/CodeableConcept"
            },
            "valueString": {
              "description": "The information determined as a result of making the observation, if the information has a simple value.",
              "type": "string"
            },
            "_valueString": {
              "description": "Extensions for valueString",
              "$ref": "Element.schema.json#/definitions/Element"
            },
            "valueBoolean": {
              "description": "The information determined as a result of making the observation, if the information has a simple value.",
              "type": "boolean"
            },
            "_valueBoolean": {
              "description": "Extensions for valueBoolean",
              "$ref": "Element.schema.json#/definitions/Element"
            },
            "valueRange": {
              "description": "The information determined as a result of making the observation, if the information has a simple value.",
              "$ref": "Range.schema.json#/definitions/Range"
            },
            "valueRatio": {
              "description": "The information determined as a result of making the observation, if the information has a simple value.",
              "$ref": "Ratio.schema.json#/definitions/Ratio"
            },
            "valueSampledData": {
              "description": "The information determined as a result of making the observation, if the information has a simple value.",
              "$ref": "SampledData.schema.json#/definitions/SampledData"
            },
            "valueAttachment": {
              "description": "The information determined as a result of making the observation, if the information has a simple value.",
              "$ref": "Attachment.schema.json#/definitions/Attachment"
            },
            "valueTime": {
              "description": "The information determined as a result of making the observation, if the information has a simple value.",
              "pattern": "([01][0-9]|2[0-3]):[0-5][0-9]:[0-5][0-9](\\.[0-9]+)?",
              "type": "string"
            },
            "_valueTime": {
              "description": "Extensions for valueTime",
              "$ref": "Element.schema.json#/definitions/Element"
            },
            "valueDateTime": {
              "description": "The information determined as a result of making the observation, if the information has a simple value.",
              "pattern": "-?[0-9]{4}(-(0[1-9]|1[0-2])(-(0[0-9]|[1-2][0-9]|3[0-1])(T([01][0-9]|2[0-3]):[0-5][0-9]:[0-5][0-9](\\.[0-9]+)?(Z|(\\+|-)((0[0-9]|1[0-3]):[0-5][0-9]|14:00)))?)?)?",
              "type": "string"
            },
            "_valueDateTime": {
              "description": "Extensions for valueDateTime",
              "$ref": "Element.schema.json#/definitions/Element"
            },
            "valuePeriod": {
              "description": "The information determined as a result of making the observation, if the information has a simple value.",
              "$ref": "Period.schema.json#/definitions/Period"
            },
            "dataAbsentReason": {
              "description": "Provides a reason why the expected value in the element Observation.value[x] is missing.",
              "$ref": "CodeableConcept.schema.json#/definitions/CodeableConcept"
            },
            "interpretation": {
              "description": "The assessment made based on the result of the observation.  Intended as a simple compact code often placed adjacent to the result value in reports and flow sheets to signal the meaning/normalcy status of the result. Otherwise known as abnormal flag.",
              "$ref": "CodeableConcept.schema.json#/definitions/CodeableConcept"
            },
            "comment": {
              "description": "May include statements about significant, unexpected or unreliable values, or information about the source of the value where this may be relevant to the interpretation of the result.",
              "type": "string"
            },
            "_comment": {
              "description": "Extensions for comment",
              "$ref": "Element.schema.json#/definitions/Element"
            },
            "bodySite": {
              "description": "Indicates the site on the subject\u0027s body where the observation was made (i.e. the target site).",
              "$ref": "CodeableConcept.schema.json#/definitions/CodeableConcept"
            },
            "method": {
              "description": "Indicates the mechanism used to perform the observation.",
              "$ref": "CodeableConcept.schema.json#/definitions/CodeableConcept"
            },
            "specimen": {
              "description": "The specimen that was used when this observation was made.",
              "$ref": "Reference.schema.json#/definitions/Reference"
            },
            "device": {
              "description": "The device used to generate the observation data.",
              "$ref": "Reference.schema.json#/definitions/Reference"
            },
            "referenceRange": {
              "description": "Guidance on how to interpret the value by comparison to a normal or recommended range.",
              "type": "array",
              "items": {
                "$ref": "#/definitions/Observation_ReferenceRange"
              }
            },
            "related": {
              "description": "A  reference to another resource (usually another Observation) whose relationship is defined by the relationship type code.",
              "type": "array",
              "items": {
                "$ref": "#/definitions/Observation_Related"
              }
            },
            "component": {
              "description": "Some observations have multiple component observations.  These component observations are expressed as separate code value pairs that share the same attributes.  Examples include systolic and diastolic component observations for blood pressure measurement and multiple component observations for genetics observations.",
              "type": "array",
              "items": {
                "$ref": "#/definitions/Observation_Component"
              }
            }
          },
          "required": [
            "code",
            "resourceType"
          ]
        }
      ]
    },
    "Observation_ReferenceRange": {
      "allOf": [
        {
          "$ref": "BackboneElement#/definitions/BackboneElement"
        },
        {
          "description": "Measurements and simple assertions made about a patient, device or other subject.",
          "properties": {
            "low": {
              "description": "The value of the low bound of the reference range.  The low bound of the reference range endpoint is inclusive of the value (e.g.  reference range is \u003e\u003d5 - \u003c\u003d9).   If the low bound is omitted,  it is assumed to be meaningless (e.g. reference range is \u003c\u003d2.3).",
              "$ref": "Quantity.schema.json#/definitions/Quantity"
            },
            "high": {
              "description": "The value of the high bound of the reference range.  The high bound of the reference range endpoint is inclusive of the value (e.g.  reference range is \u003e\u003d5 - \u003c\u003d9).   If the high bound is omitted,  it is assumed to be meaningless (e.g. reference range is \u003e\u003d 2.3).",
              "$ref": "Quantity.schema.json#/definitions/Quantity"
            },
            "type": {
              "description": "Codes to indicate the what part of the targeted reference population it applies to. For example, the normal or therapeutic range.",
              "$ref": "CodeableConcept.schema.json#/definitions/CodeableConcept"
            },
            "appliesTo": {
              "description": "Codes to indicate the target population this reference range applies to.  For example, a reference range may be based on the normal population or a particular sex or race.",
              "type": "array",
              "items": {
                "$ref": "CodeableConcept.schema.json#/definitions/CodeableConcept"
              }
            },
            "age": {
              "description": "The age at which this reference range is applicable. This is a neonatal age (e.g. number of weeks at term) if the meaning says so.",
              "$ref": "Range.schema.json#/definitions/Range"
            },
            "text": {
              "description": "Text based reference range in an observation which may be used when a quantitative range is not appropriate for an observation.  An example would be a reference value of \"Negative\" or a list or table of \u0027normals\u0027.",
              "type": "string"
            },
            "_text": {
              "description": "Extensions for text",
              "$ref": "Element.schema.json#/definitions/Element"
            }
          }
        }
      ]
    },
    "Observation_Related": {
      "allOf": [
        {
          "$ref": "BackboneElement#/definitions/BackboneElement"
        },
        {
          "description": "Measurements and simple assertions made about a patient, device or other subject.",
          "properties": {
            "type": {
              "description": "A code specifying the kind of relationship that exists with the target resource.",
              "enum": [
                "has-member",
                "derived-from",
                "sequel-to",
                "replaces",
                "qualified-by",
                "interfered-by"
              ],
              "type": "string"
            },
            "_type": {
              "description": "Extensions for type",
              "$ref": "Element.schema.json#/definitions/Element"
            },
            "target": {
              "description": "A reference to the observation or [[[QuestionnaireResponse]]] resource that is related to this observation.",
              "$ref": "Reference.schema.json#/definitions/Reference"
            }
          },
          "required": [
            "target"
          ]
        }
      ]
    },
    "Observation_Component": {
      "allOf": [
        {
          "$ref": "BackboneElement#/definitions/BackboneElement"
        },
        {
          "description": "Measurements and simple assertions made about a patient, device or other subject.",
          "properties": {
            "code": {
              "description": "Describes what was observed. Sometimes this is called the observation \"code\".",
              "$ref": "CodeableConcept.schema.json#/definitions/CodeableConcept"
            },
            "valueQuantity": {
              "description": "The information determined as a result of making the observation, if the information has a simple value.",
              "$ref": "Quantity.schema.json#/definitions/Quantity"
            },
            "valueCodeableConcept": {
              "description": "The information determined as a result of making the observation, if the information has a simple value.",
              "$ref": "CodeableConcept.schema.json#/definitions/CodeableConcept"
            },
            "valueString": {
              "description": "The information determined as a result of making the observation, if the information has a simple value.",
              "type": "string"
            },
            "_valueString": {
              "description": "Extensions for valueString",
              "$ref": "Element.schema.json#/definitions/Element"
            },
            "valueRange": {
              "description": "The information determined as a result of making the observation, if the information has a simple value.",
              "$ref": "Range.schema.json#/definitions/Range"
            },
            "valueRatio": {
              "description": "The information determined as a result of making the observation, if the information has a simple value.",
              "$ref": "Ratio.schema.json#/definitions/Ratio"
            },
            "valueSampledData": {
              "description": "The information determined as a result of making the observation, if the information has a simple value.",
              "$ref": "SampledData.schema.json#/definitions/SampledData"
            },
            "valueAttachment": {
              "description": "The information determined as a result of making the observation, if the information has a simple value.",
              "$ref": "Attachment.schema.json#/definitions/Attachment"
            },
            "valueTime": {
              "description": "The information determined as a result of making the observation, if the information has a simple value.",
              "pattern": "([01][0-9]|2[0-3]):[0-5][0-9]:[0-5][0-9](\\.[0-9]+)?",
              "type": "string"
            },
            "_valueTime": {
              "description": "Extensions for valueTime",
              "$ref": "Element.schema.json#/definitions/Element"
            },
            "valueDateTime": {
              "description": "The information determined as a result of making the observation, if the information has a simple value.",
              "pattern": "-?[0-9]{4}(-(0[1-9]|1[0-2])(-(0[0-9]|[1-2][0-9]|3[0-1])(T([01][0-9]|2[0-3]):[0-5][0-9]:[0-5][0-9](\\.[0-9]+)?(Z|(\\+|-)((0[0-9]|1[0-3]):[0-5][0-9]|14:00)))?)?)?",
              "type": "string"
            },
            "_valueDateTime": {
              "description": "Extensions for valueDateTime",
              "$ref": "Element.schema.json#/definitions/Element"
            },
            "valuePeriod": {
              "description": "The information determined as a result of making the observation, if the information has a simple value.",
              "$ref": "Period.schema.json#/definitions/Period"
            },
            "dataAbsentReason": {
              "description": "Provides a reason why the expected value in the element Observation.value[x] is missing.",
              "$ref": "CodeableConcept.schema.json#/definitions/CodeableConcept"
            },
            "interpretation": {
              "description": "The assessment made based on the result of the observation.  Intended as a simple compact code often placed adjacent to the result value in reports and flow sheets to signal the meaning/normalcy status of the result. Otherwise known as abnormal flag.",
              "$ref": "CodeableConcept.schema.json#/definitions/CodeableConcept"
            },
            "referenceRange": {
              "description": "Guidance on how to interpret the value by comparison to a normal or recommended range.",
              "type": "array",
              "items": {
                "$ref": "#/definitions/Observation_ReferenceRange"
              }
            }
          },
          "required": [
            "code"
          ]
        }
      ]
    }
  }
}