{
  "$schema": "http://json-schema.org/draft-04/schema#",
  "id": "http://hl7.org/fhir/json-schema/ServiceDefinition",
  "$ref": "#/definitions/ServiceDefinition",
  "description": "see http://hl7.org/fhir/json.html#schema for information about the FHIR Json Schemas",
  "definitions": {
    "ServiceDefinition": {
      "allOf": [
        {
          "$ref": "DomainResource#/definitions/DomainResource"
        },
        {
          "description": "The ServiceDefinition describes a unit of decision support functionality that is made available as a service, such as immunization modules or drug-drug interaction checking.",
          "properties": {
            "resourceType": {
              "description": "This is a ServiceDefinition resource",
              "type": "string",
              "enum": [
                "ServiceDefinition"
              ]
            },
            "url": {
              "description": "An absolute URI that is used to identify this service definition when it is referenced in a specification, model, design or an instance. This SHALL be a URL, SHOULD be globally unique, and SHOULD be an address at which this service definition is (or will be) published. The URL SHOULD include the major version of the service definition. For more information see [Technical and Business Versions](resource.html#versions).",
              "type": "string"
            },
            "_url": {
              "description": "Extensions for url",
              "$ref": "Element.schema.json#/definitions/Element"
            },
            "identifier": {
              "description": "A formal identifier that is used to identify this service definition when it is represented in other formats, or referenced in a specification, model, design or an instance. This is used for CMS or NQF identifiers for a measure artifact. Note that at least one identifier is required for non-experimental active artifacts.",
              "type": "array",
              "items": {
                "$ref": "Identifier.schema.json#/definitions/Identifier"
              }
            },
            "version": {
              "description": "The identifier that is used to identify this version of the service definition when it is referenced in a specification, model, design or instance. This is an arbitrary value managed by the service definition author and is not expected to be globally unique. For example, it might be a timestamp (e.g. yyyymmdd) if a managed version is not available. There is also no expectation that versions can be placed in a lexicographical sequence.",
              "type": "string"
            },
            "_version": {
              "description": "Extensions for version",
              "$ref": "Element.schema.json#/definitions/Element"
            },
            "name": {
              "description": "A natural language name identifying the service definition. This name should be usable as an identifier for the module by machine processing applications such as code generation.",
              "type": "string"
            },
            "_name": {
              "description": "Extensions for name",
              "$ref": "Element.schema.json#/definitions/Element"
            },
            "title": {
              "description": "A short, descriptive, user-friendly title for the service definition.",
              "type": "string"
            },
            "_title": {
              "description": "Extensions for title",
              "$ref": "Element.schema.json#/definitions/Element"
            },
            "status": {
              "description": "The status of this service definition. Enables tracking the life-cycle of the content.",
              "enum": [
                "draft",
                "active",
                "retired",
                "unknown"
              ],
              "type": "string"
            },
            "_status": {
              "description": "Extensions for status",
              "$ref": "Element.schema.json#/definitions/Element"
            },
            "experimental": {
              "description": "A boolean value to indicate that this service definition is authored for testing purposes (or education/evaluation/marketing), and is not intended to be used for genuine usage.",
              "type": "boolean"
            },
            "_experimental": {
              "description": "Extensions for experimental",
              "$ref": "Element.schema.json#/definitions/Element"
            },
            "date": {
              "description": "The date  (and optionally time) when the service definition was published. The date must change if and when the business version changes and it must change if the status code changes. In addition, it should change when the substantive content of the service definition changes.",
              "type": "string",
              "pattern": "-?[0-9]{4}(-(0[1-9]|1[0-2])(-(0[0-9]|[1-2][0-9]|3[0-1])(T([01][0-9]|2[0-3]):[0-5][0-9]:[0-5][0-9](\\.[0-9]+)?(Z|(\\+|-)((0[0-9]|1[0-3]):[0-5][0-9]|14:00)))?)?)?"
            },
            "_date": {
              "description": "Extensions for date",
              "$ref": "Element.schema.json#/definitions/Element"
            },
            "publisher": {
              "description": "The name of the individual or organization that published the service definition.",
              "type": "string"
            },
            "_publisher": {
              "description": "Extensions for publisher",
              "$ref": "Element.schema.json#/definitions/Element"
            },
            "description": {
              "description": "A free text natural language description of the service definition from a consumer\u0027s perspective.",
              "type": "string"
            },
            "_description": {
              "description": "Extensions for description",
              "$ref": "Element.schema.json#/definitions/Element"
            },
            "purpose": {
              "description": "Explaination of why this service definition is needed and why it has been designed as it has.",
              "type": "string"
            },
            "_purpose": {
              "description": "Extensions for purpose",
              "$ref": "Element.schema.json#/definitions/Element"
            },
            "usage": {
              "description": "A detailed description of how the module is used from a clinical perspective.",
              "type": "string"
            },
            "_usage": {
              "description": "Extensions for usage",
              "$ref": "Element.schema.json#/definitions/Element"
            },
            "approvalDate": {
              "description": "The date on which the resource content was approved by the publisher. Approval happens once when the content is officially approved for usage.",
              "type": "string",
              "pattern": "-?[0-9]{4}(-(0[1-9]|1[0-2])(-(0[0-9]|[1-2][0-9]|3[0-1]))?)?"
            },
            "_approvalDate": {
              "description": "Extensions for approvalDate",
              "$ref": "Element.schema.json#/definitions/Element"
            },
            "lastReviewDate": {
              "description": "The date on which the resource content was last reviewed. Review happens periodically after approval, but doesn\u0027t change the original approval date.",
              "type": "string",
              "pattern": "-?[0-9]{4}(-(0[1-9]|1[0-2])(-(0[0-9]|[1-2][0-9]|3[0-1]))?)?"
            },
            "_lastReviewDate": {
              "description": "Extensions for lastReviewDate",
              "$ref": "Element.schema.json#/definitions/Element"
            },
            "effectivePeriod": {
              "description": "The period during which the service definition content was or is planned to be in active use.",
              "$ref": "Period.schema.json#/definitions/Period"
            },
            "useContext": {
              "description": "The content was developed with a focus and intent of supporting the contexts that are listed. These terms may be used to assist with indexing and searching for appropriate service definition instances.",
              "type": "array",
              "items": {
                "$ref": "UsageContext.schema.json#/definitions/UsageContext"
              }
            },
            "jurisdiction": {
              "description": "A legal or geographic region in which the service definition is intended to be used.",
              "type": "array",
              "items": {
                "$ref": "CodeableConcept.schema.json#/definitions/CodeableConcept"
              }
            },
            "topic": {
              "description": "Descriptive topics related to the module. Topics provide a high-level categorization of the module that can be useful for filtering and searching.",
              "type": "array",
              "items": {
                "$ref": "CodeableConcept.schema.json#/definitions/CodeableConcept"
              }
            },
            "contributor": {
              "description": "A contributor to the content of the module, including authors, editors, reviewers, and endorsers.",
              "type": "array",
              "items": {
                "$ref": "Contributor.schema.json#/definitions/Contributor"
              }
            },
            "contact": {
              "description": "Contact details to assist a user in finding and communicating with the publisher.",
              "type": "array",
              "items": {
                "$ref": "ContactDetail.schema.json#/definitions/ContactDetail"
              }
            },
            "copyright": {
              "description": "A copyright statement relating to the service definition and/or its contents. Copyright statements are generally legal restrictions on the use and publishing of the service definition.",
              "type": "string"
            },
            "_copyright": {
              "description": "Extensions for copyright",
              "$ref": "Element.schema.json#/definitions/Element"
            },
            "relatedArtifact": {
              "description": "Related resources such as additional documentation, justification, or bibliographic references.",
              "type": "array",
              "items": {
                "$ref": "RelatedArtifact.schema.json#/definitions/RelatedArtifact"
              }
            },
            "trigger": {
              "description": "The trigger element defines when the rule should be invoked. This information is used by consumers of the rule to determine how to integrate the rule into a specific workflow.",
              "type": "array",
              "items": {
                "$ref": "TriggerDefinition.schema.json#/definitions/TriggerDefinition"
              }
            },
            "dataRequirement": {
              "description": "Data requirements are a machine processable description of the data required by the module in order to perform a successful evaluation.",
              "type": "array",
              "items": {
                "$ref": "DataRequirement.schema.json#/definitions/DataRequirement"
              }
            },
            "operationDefinition": {
              "description": "A reference to the operation that is used to invoke this service.",
              "$ref": "Reference.schema.json#/definitions/Reference"
            }
          },
          "required": [
            "resourceType"
          ]
        }
      ]
    }
  }
}